path,label
/mnt/c/workspace/journal/codes/Mark4.3/data/test/construction_test_001.wav,construction
/mnt/c/workspace/journal/codes/Mark4.3/data/test/construction_test_002.wav,construction
/mnt/c/workspace/journal/codes/Mark4.3/data/test/construction_test_003.wav,construction
/mnt/c/workspace/journal/codes/Mark4.3/data/test/construction_test_004.wav,construction
/mnt/c/workspace/journal/codes/Mark4.3/data/test/construction_test_005.wav,construction
/mnt/c/workspace/journal/codes/Mark4.3/data/test/construction_test_006.wav,construction
/mnt/c/workspace/journal/codes/Mark4.3/data/test/construction_test_007.wav,construction
/mnt/c/workspace/journal/codes/Mark4.3/data/test/construction_test_008.wav,construction
/mnt/c/workspace/journal/codes/Mark4.3/data/test/construction_test_009.wav,construction
/mnt/c/workspace/journal/codes/Mark4.3/data/test/construction_test_010.wav,construction
/mnt/c/workspace/journal/codes/Mark4.3/data/test/construction_test_011.wav,construction
/mnt/c/workspace/journal/codes/Mark4.3/data/test/construction_test_012.wav,construction
/mnt/c/workspace/journal/codes/Mark4.3/data/test/construction_test_013.wav,construction
/mnt/c/workspace/journal/codes/Mark4.3/data/test/construction_test_014.wav,construction
/mnt/c/workspace/journal/codes/Mark4.3/data/test/construction_test_015.wav,construction
/mnt/c/workspace/journal/codes/Mark4.3/data/test/construction_test_016.wav,construction
/mnt/c/workspace/journal/codes/Mark4.3/data/test/construction_test_017.wav,construction
/mnt/c/workspace/journal/codes/Mark4.3/data/test/construction_test_018.wav,construction
/mnt/c/workspace/journal/codes/Mark4.3/data/test/construction_test_019.wav,construction
/mnt/c/workspace/journal/codes/Mark4.3/data/test/construction_test_020.wav,construction
/mnt/c/workspace/journal/codes/Mark4.3/data/test/construction_test_021.wav,construction
/mnt/c/workspace/journal/codes/Mark4.3/data/test/construction_test_022.wav,construction
/mnt/c/workspace/journal/codes/Mark4.3/data/test/construction_test_023.wav,construction
/mnt/c/workspace/journal/codes/Mark4.3/data/test/construction_test_024.wav,construction
/mnt/c/workspace/journal/codes/Mark4.3/data/test/construction_test_025.wav,construction
/mnt/c/workspace/journal/codes/Mark4.3/data/test/construction_test_026.wav,construction
/mnt/c/workspace/journal/codes/Mark4.3/data/test/construction_test_027.wav,construction
/mnt/c/workspace/journal/codes/Mark4.3/data/test/construction_test_028.wav,construction
/mnt/c/workspace/journal/codes/Mark4.3/data/test/construction_test_029.wav,construction
/mnt/c/workspace/journal/codes/Mark4.3/data/test/construction_test_030.wav,construction
/mnt/c/workspace/journal/codes/Mark4.3/data/test/construction_test_031.wav,construction
/mnt/c/workspace/journal/codes/Mark4.3/data/test/construction_test_032.wav,construction
/mnt/c/workspace/journal/codes/Mark4.3/data/test/construction_test_033.wav,construction
/mnt/c/workspace/journal/codes/Mark4.3/data/test/construction_test_034.wav,construction
/mnt/c/workspace/journal/codes/Mark4.3/data/test/construction_test_035.wav,construction
/mnt/c/workspace/journal/codes/Mark4.3/data/test/construction_test_036.wav,construction
/mnt/c/workspace/journal/codes/Mark4.3/data/test/construction_test_037.wav,construction
/mnt/c/workspace/journal/codes/Mark4.3/data/test/construction_test_038.wav,construction
/mnt/c/workspace/journal/codes/Mark4.3/data/test/construction_test_039.wav,construction
/mnt/c/workspace/journal/codes/Mark4.3/data/test/construction_test_040.wav,construction
/mnt/c/workspace/journal/codes/Mark4.3/data/test/construction_test_041.wav,construction
/mnt/c/workspace/journal/codes/Mark4.3/data/test/construction_test_042.wav,construction
/mnt/c/workspace/journal/codes/Mark4.3/data/test/construction_test_043.wav,construction
/mnt/c/workspace/journal/codes/Mark4.3/data/test/construction_test_044.wav,construction
/mnt/c/workspace/journal/codes/Mark4.3/data/test/construction_test_045.wav,construction
/mnt/c/workspace/journal/codes/Mark4.3/data/test/construction_test_046.wav,construction
/mnt/c/workspace/journal/codes/Mark4.3/data/test/construction_test_047.wav,construction
/mnt/c/workspace/journal/codes/Mark4.3/data/test/construction_test_048.wav,construction
/mnt/c/workspace/journal/codes/Mark4.3/data/test/construction_test_049.wav,construction
/mnt/c/workspace/journal/codes/Mark4.3/data/test/construction_test_050.wav,construction
/mnt/c/workspace/journal/codes/Mark4.3/data/test/construction_test_051.wav,construction
/mnt/c/workspace/journal/codes/Mark4.3/data/test/construction_test_052.wav,construction
/mnt/c/workspace/journal/codes/Mark4.3/data/test/construction_test_053.wav,construction
/mnt/c/workspace/journal/codes/Mark4.3/data/test/construction_test_054.wav,construction
/mnt/c/workspace/journal/codes/Mark4.3/data/test/construction_test_055.wav,construction
/mnt/c/workspace/journal/codes/Mark4.3/data/test/construction_test_056.wav,construction
/mnt/c/workspace/journal/codes/Mark4.3/data/test/construction_test_057.wav,construction
/mnt/c/workspace/journal/codes/Mark4.3/data/test/construction_test_058.wav,construction
/mnt/c/workspace/journal/codes/Mark4.3/data/test/construction_test_059.wav,construction
/mnt/c/workspace/journal/codes/Mark4.3/data/test/construction_test_060.wav,construction
/mnt/c/workspace/journal/codes/Mark4.3/data/test/construction_test_061.wav,construction
/mnt/c/workspace/journal/codes/Mark4.3/data/test/construction_test_062.wav,construction
/mnt/c/workspace/journal/codes/Mark4.3/data/test/construction_test_063.wav,construction
/mnt/c/workspace/journal/codes/Mark4.3/data/test/construction_test_064.wav,construction
/mnt/c/workspace/journal/codes/Mark4.3/data/test/construction_test_065.wav,construction
/mnt/c/workspace/journal/codes/Mark4.3/data/test/construction_test_066.wav,construction
/mnt/c/workspace/journal/codes/Mark4.3/data/test/construction_test_067.wav,construction
/mnt/c/workspace/journal/codes/Mark4.3/data/test/construction_test_068.wav,construction
/mnt/c/workspace/journal/codes/Mark4.3/data/test/construction_test_069.wav,construction
/mnt/c/workspace/journal/codes/Mark4.3/data/test/construction_test_070.wav,construction
/mnt/c/workspace/journal/codes/Mark4.3/data/test/construction_test_071.wav,construction
/mnt/c/workspace/journal/codes/Mark4.3/data/test/construction_test_072.wav,construction
/mnt/c/workspace/journal/codes/Mark4.3/data/test/construction_test_073.wav,construction
/mnt/c/workspace/journal/codes/Mark4.3/data/test/construction_test_074.wav,construction
/mnt/c/workspace/journal/codes/Mark4.3/data/test/construction_test_075.wav,construction
/mnt/c/workspace/journal/codes/Mark4.3/data/test/construction_test_076.wav,construction
/mnt/c/workspace/journal/codes/Mark4.3/data/test/construction_test_077.wav,construction
/mnt/c/workspace/journal/codes/Mark4.3/data/test/construction_test_078.wav,construction
/mnt/c/workspace/journal/codes/Mark4.3/data/test/construction_test_079.wav,construction
/mnt/c/workspace/journal/codes/Mark4.3/data/test/construction_test_080.wav,construction
/mnt/c/workspace/journal/codes/Mark4.3/data/test/construction_test_081.wav,construction
/mnt/c/workspace/journal/codes/Mark4.3/data/test/construction_test_082.wav,construction
/mnt/c/workspace/journal/codes/Mark4.3/data/test/construction_test_083.wav,construction
/mnt/c/workspace/journal/codes/Mark4.3/data/test/construction_test_084.wav,construction
/mnt/c/workspace/journal/codes/Mark4.3/data/test/construction_test_085.wav,construction
/mnt/c/workspace/journal/codes/Mark4.3/data/test/construction_test_086.wav,construction
/mnt/c/workspace/journal/codes/Mark4.3/data/test/construction_test_087.wav,construction
/mnt/c/workspace/journal/codes/Mark4.3/data/test/construction_test_088.wav,construction
/mnt/c/workspace/journal/codes/Mark4.3/data/test/construction_test_089.wav,construction
/mnt/c/workspace/journal/codes/Mark4.3/data/test/construction_test_090.wav,construction
/mnt/c/workspace/journal/codes/Mark4.3/data/test/construction_test_091.wav,construction
/mnt/c/workspace/journal/codes/Mark4.3/data/test/construction_test_092.wav,construction
/mnt/c/workspace/journal/codes/Mark4.3/data/test/construction_test_093.wav,construction
/mnt/c/workspace/journal/codes/Mark4.3/data/test/construction_test_094.wav,construction
/mnt/c/workspace/journal/codes/Mark4.3/data/test/construction_test_095.wav,construction
/mnt/c/workspace/journal/codes/Mark4.3/data/test/construction_test_096.wav,construction
/mnt/c/workspace/journal/codes/Mark4.3/data/test/construction_test_097.wav,construction
/mnt/c/workspace/journal/codes/Mark4.3/data/test/construction_test_098.wav,construction
/mnt/c/workspace/journal/codes/Mark4.3/data/test/construction_test_099.wav,construction
/mnt/c/workspace/journal/codes/Mark4.3/data/test/construction_test_100.wav,construction
/mnt/c/workspace/journal/codes/Mark4.3/data/test/construction_test_101.wav,construction
/mnt/c/workspace/journal/codes/Mark4.3/data/test/construction_test_102.wav,construction
/mnt/c/workspace/journal/codes/Mark4.3/data/test/construction_test_103.wav,construction
/mnt/c/workspace/journal/codes/Mark4.3/data/test/construction_test_104.wav,construction
/mnt/c/workspace/journal/codes/Mark4.3/data/test/construction_test_105.wav,construction
/mnt/c/workspace/journal/codes/Mark4.3/data/test/construction_test_106.wav,construction
/mnt/c/workspace/journal/codes/Mark4.3/data/test/construction_test_107.wav,construction
/mnt/c/workspace/journal/codes/Mark4.3/data/test/construction_test_108.wav,construction
/mnt/c/workspace/journal/codes/Mark4.3/data/test/construction_test_109.wav,construction
/mnt/c/workspace/journal/codes/Mark4.3/data/test/construction_test_110.wav,construction
/mnt/c/workspace/journal/codes/Mark4.3/data/test/construction_test_111.wav,construction
/mnt/c/workspace/journal/codes/Mark4.3/data/test/construction_test_112.wav,construction
/mnt/c/workspace/journal/codes/Mark4.3/data/test/construction_test_113.wav,construction
/mnt/c/workspace/journal/codes/Mark4.3/data/test/construction_test_114.wav,construction
/mnt/c/workspace/journal/codes/Mark4.3/data/test/construction_test_115.wav,construction
/mnt/c/workspace/journal/codes/Mark4.3/data/test/construction_test_116.wav,construction
/mnt/c/workspace/journal/codes/Mark4.3/data/test/construction_test_117.wav,construction
/mnt/c/workspace/journal/codes/Mark4.3/data/test/construction_test_118.wav,construction
/mnt/c/workspace/journal/codes/Mark4.3/data/test/construction_test_119.wav,construction
/mnt/c/workspace/journal/codes/Mark4.3/data/test/construction_test_120.wav,construction
/mnt/c/workspace/journal/codes/Mark4.3/data/test/construction_test_121.wav,construction
/mnt/c/workspace/journal/codes/Mark4.3/data/test/construction_test_122.wav,construction
/mnt/c/workspace/journal/codes/Mark4.3/data/test/construction_test_123.wav,construction
/mnt/c/workspace/journal/codes/Mark4.3/data/test/construction_test_124.wav,construction
/mnt/c/workspace/journal/codes/Mark4.3/data/test/construction_test_125.wav,construction
/mnt/c/workspace/journal/codes/Mark4.3/data/test/construction_test_126.wav,construction
/mnt/c/workspace/journal/codes/Mark4.3/data/test/construction_test_127.wav,construction
/mnt/c/workspace/journal/codes/Mark4.3/data/test/construction_test_128.wav,construction
/mnt/c/workspace/journal/codes/Mark4.3/data/test/construction_test_129.wav,construction
/mnt/c/workspace/journal/codes/Mark4.3/data/test/construction_test_130.wav,construction
/mnt/c/workspace/journal/codes/Mark4.3/data/test/construction_test_131.wav,construction
/mnt/c/workspace/journal/codes/Mark4.3/data/test/construction_test_132.wav,construction
/mnt/c/workspace/journal/codes/Mark4.3/data/test/construction_test_133.wav,construction
/mnt/c/workspace/journal/codes/Mark4.3/data/test/construction_test_134.wav,construction
/mnt/c/workspace/journal/codes/Mark4.3/data/test/construction_test_135.wav,construction
/mnt/c/workspace/journal/codes/Mark4.3/data/test/construction_test_136.wav,construction
/mnt/c/workspace/journal/codes/Mark4.3/data/test/construction_test_137.wav,construction
/mnt/c/workspace/journal/codes/Mark4.3/data/test/construction_test_138.wav,construction
/mnt/c/workspace/journal/codes/Mark4.3/data/test/construction_test_139.wav,construction
/mnt/c/workspace/journal/codes/Mark4.3/data/test/construction_test_140.wav,construction
/mnt/c/workspace/journal/codes/Mark4.3/data/test/construction_test_141.wav,construction
/mnt/c/workspace/journal/codes/Mark4.3/data/test/construction_test_142.wav,construction
/mnt/c/workspace/journal/codes/Mark4.3/data/test/construction_test_143.wav,construction
/mnt/c/workspace/journal/codes/Mark4.3/data/test/construction_test_144.wav,construction
/mnt/c/workspace/journal/codes/Mark4.3/data/test/construction_test_145.wav,construction
/mnt/c/workspace/journal/codes/Mark4.3/data/test/construction_test_146.wav,construction
/mnt/c/workspace/journal/codes/Mark4.3/data/test/construction_test_147.wav,construction
/mnt/c/workspace/journal/codes/Mark4.3/data/test/construction_test_148.wav,construction
/mnt/c/workspace/journal/codes/Mark4.3/data/test/construction_test_149.wav,construction
/mnt/c/workspace/journal/codes/Mark4.3/data/test/construction_test_150.wav,construction
/mnt/c/workspace/journal/codes/Mark4.3/data/test/construction_test_151.wav,construction
/mnt/c/workspace/journal/codes/Mark4.3/data/test/construction_test_152.wav,construction
/mnt/c/workspace/journal/codes/Mark4.3/data/test/construction_test_153.wav,construction
/mnt/c/workspace/journal/codes/Mark4.3/data/test/construction_test_154.wav,construction
/mnt/c/workspace/journal/codes/Mark4.3/data/test/construction_test_155.wav,construction
/mnt/c/workspace/journal/codes/Mark4.3/data/test/construction_test_156.wav,construction
/mnt/c/workspace/journal/codes/Mark4.3/data/test/construction_test_157.wav,construction
/mnt/c/workspace/journal/codes/Mark4.3/data/test/construction_test_158.wav,construction
/mnt/c/workspace/journal/codes/Mark4.3/data/test/construction_test_159.wav,construction
/mnt/c/workspace/journal/codes/Mark4.3/data/test/construction_test_160.wav,construction
/mnt/c/workspace/journal/codes/Mark4.3/data/test/construction_test_161.wav,construction
/mnt/c/workspace/journal/codes/Mark4.3/data/test/construction_test_162.wav,construction
/mnt/c/workspace/journal/codes/Mark4.3/data/test/construction_test_163.wav,construction
/mnt/c/workspace/journal/codes/Mark4.3/data/test/construction_test_164.wav,construction
/mnt/c/workspace/journal/codes/Mark4.3/data/test/construction_test_165.wav,construction
/mnt/c/workspace/journal/codes/Mark4.3/data/test/construction_test_166.wav,construction
/mnt/c/workspace/journal/codes/Mark4.3/data/test/construction_test_167.wav,construction
/mnt/c/workspace/journal/codes/Mark4.3/data/test/construction_test_168.wav,construction
/mnt/c/workspace/journal/codes/Mark4.3/data/test/construction_test_169.wav,construction
/mnt/c/workspace/journal/codes/Mark4.3/data/test/construction_test_170.wav,construction
/mnt/c/workspace/journal/codes/Mark4.3/data/test/construction_test_171.wav,construction
/mnt/c/workspace/journal/codes/Mark4.3/data/test/construction_test_172.wav,construction
/mnt/c/workspace/journal/codes/Mark4.3/data/test/construction_test_173.wav,construction
/mnt/c/workspace/journal/codes/Mark4.3/data/test/construction_test_174.wav,construction
/mnt/c/workspace/journal/codes/Mark4.3/data/test/construction_test_175.wav,construction
/mnt/c/workspace/journal/codes/Mark4.3/data/test/construction_test_176.wav,construction
/mnt/c/workspace/journal/codes/Mark4.3/data/test/construction_test_177.wav,construction
/mnt/c/workspace/journal/codes/Mark4.3/data/test/construction_test_178.wav,construction
/mnt/c/workspace/journal/codes/Mark4.3/data/test/construction_test_179.wav,construction
/mnt/c/workspace/journal/codes/Mark4.3/data/test/construction_test_180.wav,construction
/mnt/c/workspace/journal/codes/Mark4.3/data/test/construction_test_181.wav,construction
/mnt/c/workspace/journal/codes/Mark4.3/data/test/construction_test_182.wav,construction
/mnt/c/workspace/journal/codes/Mark4.3/data/test/construction_test_183.wav,construction
/mnt/c/workspace/journal/codes/Mark4.3/data/test/construction_test_184.wav,construction
/mnt/c/workspace/journal/codes/Mark4.3/data/test/construction_test_185.wav,construction
/mnt/c/workspace/journal/codes/Mark4.3/data/test/construction_test_186.wav,construction
/mnt/c/workspace/journal/codes/Mark4.3/data/test/construction_test_187.wav,construction
/mnt/c/workspace/journal/codes/Mark4.3/data/test/construction_test_188.wav,construction
/mnt/c/workspace/journal/codes/Mark4.3/data/test/construction_test_189.wav,construction
/mnt/c/workspace/journal/codes/Mark4.3/data/test/construction_test_190.wav,construction
/mnt/c/workspace/journal/codes/Mark4.3/data/test/construction_test_191.wav,construction
/mnt/c/workspace/journal/codes/Mark4.3/data/test/construction_test_192.wav,construction
/mnt/c/workspace/journal/codes/Mark4.3/data/test/construction_test_193.wav,construction
/mnt/c/workspace/journal/codes/Mark4.3/data/test/construction_test_194.wav,construction
/mnt/c/workspace/journal/codes/Mark4.3/data/test/construction_test_195.wav,construction
/mnt/c/workspace/journal/codes/Mark4.3/data/test/construction_test_196.wav,construction
/mnt/c/workspace/journal/codes/Mark4.3/data/test/construction_test_197.wav,construction
/mnt/c/workspace/journal/codes/Mark4.3/data/test/construction_test_198.wav,construction
/mnt/c/workspace/journal/codes/Mark4.3/data/test/construction_test_199.wav,construction
/mnt/c/workspace/journal/codes/Mark4.3/data/test/construction_test_200.wav,construction
/mnt/c/workspace/journal/codes/Mark4.3/data/test/construction_test_201.wav,construction
/mnt/c/workspace/journal/codes/Mark4.3/data/test/construction_test_202.wav,construction
/mnt/c/workspace/journal/codes/Mark4.3/data/test/construction_test_203.wav,construction
/mnt/c/workspace/journal/codes/Mark4.3/data/test/construction_test_204.wav,construction
/mnt/c/workspace/journal/codes/Mark4.3/data/test/construction_test_205.wav,construction
/mnt/c/workspace/journal/codes/Mark4.3/data/test/construction_test_206.wav,construction
/mnt/c/workspace/journal/codes/Mark4.3/data/test/construction_test_207.wav,construction
/mnt/c/workspace/journal/codes/Mark4.3/data/test/construction_test_208.wav,construction
/mnt/c/workspace/journal/codes/Mark4.3/data/test/construction_test_209.wav,construction
/mnt/c/workspace/journal/codes/Mark4.3/data/test/construction_test_210.wav,construction
/mnt/c/workspace/journal/codes/Mark4.3/data/test/construction_test_211.wav,construction
/mnt/c/workspace/journal/codes/Mark4.3/data/test/construction_test_212.wav,construction
/mnt/c/workspace/journal/codes/Mark4.3/data/test/construction_test_213.wav,construction
/mnt/c/workspace/journal/codes/Mark4.3/data/test/construction_test_214.wav,construction
/mnt/c/workspace/journal/codes/Mark4.3/data/test/construction_test_215.wav,construction
/mnt/c/workspace/journal/codes/Mark4.3/data/test/others_test_001.wav,others
/mnt/c/workspace/journal/codes/Mark4.3/data/test/others_test_002.wav,others
/mnt/c/workspace/journal/codes/Mark4.3/data/test/others_test_003.wav,others
/mnt/c/workspace/journal/codes/Mark4.3/data/test/others_test_004.wav,others
/mnt/c/workspace/journal/codes/Mark4.3/data/test/others_test_005.wav,others
/mnt/c/workspace/journal/codes/Mark4.3/data/test/others_test_006.wav,others
/mnt/c/workspace/journal/codes/Mark4.3/data/test/others_test_007.wav,others
/mnt/c/workspace/journal/codes/Mark4.3/data/test/others_test_008.wav,others
/mnt/c/workspace/journal/codes/Mark4.3/data/test/others_test_009.wav,others
/mnt/c/workspace/journal/codes/Mark4.3/data/test/others_test_010.wav,others
/mnt/c/workspace/journal/codes/Mark4.3/data/test/others_test_011.wav,others
/mnt/c/workspace/journal/codes/Mark4.3/data/test/others_test_012.wav,others
/mnt/c/workspace/journal/codes/Mark4.3/data/test/others_test_013.wav,others
/mnt/c/workspace/journal/codes/Mark4.3/data/test/others_test_014.wav,others
/mnt/c/workspace/journal/codes/Mark4.3/data/test/others_test_015.wav,others
/mnt/c/workspace/journal/codes/Mark4.3/data/test/others_test_016.wav,others
/mnt/c/workspace/journal/codes/Mark4.3/data/test/others_test_017.wav,others
/mnt/c/workspace/journal/codes/Mark4.3/data/test/others_test_018.wav,others
/mnt/c/workspace/journal/codes/Mark4.3/data/test/others_test_019.wav,others
/mnt/c/workspace/journal/codes/Mark4.3/data/test/others_test_020.wav,others
/mnt/c/workspace/journal/codes/Mark4.3/data/test/others_test_021.wav,others
/mnt/c/workspace/journal/codes/Mark4.3/data/test/others_test_022.wav,others
/mnt/c/workspace/journal/codes/Mark4.3/data/test/others_test_023.wav,others
/mnt/c/workspace/journal/codes/Mark4.3/data/test/others_test_024.wav,others
/mnt/c/workspace/journal/codes/Mark4.3/data/test/others_test_025.wav,others
/mnt/c/workspace/journal/codes/Mark4.3/data/test/others_test_026.wav,others
/mnt/c/workspace/journal/codes/Mark4.3/data/test/others_test_027.wav,others
/mnt/c/workspace/journal/codes/Mark4.3/data/test/others_test_028.wav,others
/mnt/c/workspace/journal/codes/Mark4.3/data/test/others_test_029.wav,others
/mnt/c/workspace/journal/codes/Mark4.3/data/test/others_test_030.wav,others
/mnt/c/workspace/journal/codes/Mark4.3/data/test/others_test_031.wav,others
/mnt/c/workspace/journal/codes/Mark4.3/data/test/others_test_032.wav,others
/mnt/c/workspace/journal/codes/Mark4.3/data/test/others_test_033.wav,others
/mnt/c/workspace/journal/codes/Mark4.3/data/test/others_test_034.wav,others
/mnt/c/workspace/journal/codes/Mark4.3/data/test/others_test_035.wav,others
/mnt/c/workspace/journal/codes/Mark4.3/data/test/others_test_036.wav,others
/mnt/c/workspace/journal/codes/Mark4.3/data/test/others_test_037.wav,others
/mnt/c/workspace/journal/codes/Mark4.3/data/test/others_test_038.wav,others
/mnt/c/workspace/journal/codes/Mark4.3/data/test/others_test_039.wav,others
/mnt/c/workspace/journal/codes/Mark4.3/data/test/others_test_040.wav,others
/mnt/c/workspace/journal/codes/Mark4.3/data/test/others_test_041.wav,others
/mnt/c/workspace/journal/codes/Mark4.3/data/test/others_test_042.wav,others
/mnt/c/workspace/journal/codes/Mark4.3/data/test/others_test_043.wav,others
/mnt/c/workspace/journal/codes/Mark4.3/data/test/others_test_044.wav,others
/mnt/c/workspace/journal/codes/Mark4.3/data/test/others_test_045.wav,others
/mnt/c/workspace/journal/codes/Mark4.3/data/test/others_test_046.wav,others
/mnt/c/workspace/journal/codes/Mark4.3/data/test/others_test_047.wav,others
/mnt/c/workspace/journal/codes/Mark4.3/data/test/others_test_048.wav,others
/mnt/c/workspace/journal/codes/Mark4.3/data/test/others_test_049.wav,others
/mnt/c/workspace/journal/codes/Mark4.3/data/test/others_test_050.wav,others
/mnt/c/workspace/journal/codes/Mark4.3/data/test/others_test_051.wav,others
/mnt/c/workspace/journal/codes/Mark4.3/data/test/others_test_052.wav,others
/mnt/c/workspace/journal/codes/Mark4.3/data/test/others_test_053.wav,others
/mnt/c/workspace/journal/codes/Mark4.3/data/test/others_test_054.wav,others
/mnt/c/workspace/journal/codes/Mark4.3/data/test/others_test_055.wav,others
/mnt/c/workspace/journal/codes/Mark4.3/data/test/others_test_056.wav,others
/mnt/c/workspace/journal/codes/Mark4.3/data/test/others_test_057.wav,others
/mnt/c/workspace/journal/codes/Mark4.3/data/test/others_test_058.wav,others
/mnt/c/workspace/journal/codes/Mark4.3/data/test/others_test_059.wav,others
/mnt/c/workspace/journal/codes/Mark4.3/data/test/others_test_060.wav,others
/mnt/c/workspace/journal/codes/Mark4.3/data/test/others_test_061.wav,others
/mnt/c/workspace/journal/codes/Mark4.3/data/test/others_test_062.wav,others
/mnt/c/workspace/journal/codes/Mark4.3/data/test/others_test_063.wav,others
/mnt/c/workspace/journal/codes/Mark4.3/data/test/others_test_064.wav,others
/mnt/c/workspace/journal/codes/Mark4.3/data/test/others_test_065.wav,others
/mnt/c/workspace/journal/codes/Mark4.3/data/test/others_test_066.wav,others
/mnt/c/workspace/journal/codes/Mark4.3/data/test/others_test_067.wav,others
/mnt/c/workspace/journal/codes/Mark4.3/data/test/others_test_068.wav,others
/mnt/c/workspace/journal/codes/Mark4.3/data/test/others_test_069.wav,others
/mnt/c/workspace/journal/codes/Mark4.3/data/test/others_test_070.wav,others
/mnt/c/workspace/journal/codes/Mark4.3/data/test/others_test_071.wav,others
/mnt/c/workspace/journal/codes/Mark4.3/data/test/others_test_072.wav,others
/mnt/c/workspace/journal/codes/Mark4.3/data/test/others_test_073.wav,others
/mnt/c/workspace/journal/codes/Mark4.3/data/test/others_test_074.wav,others
/mnt/c/workspace/journal/codes/Mark4.3/data/test/others_test_075.wav,others
/mnt/c/workspace/journal/codes/Mark4.3/data/test/others_test_076.wav,others
/mnt/c/workspace/journal/codes/Mark4.3/data/test/others_test_077.wav,others
/mnt/c/workspace/journal/codes/Mark4.3/data/test/others_test_078.wav,others
/mnt/c/workspace/journal/codes/Mark4.3/data/test/others_test_079.wav,others
/mnt/c/workspace/journal/codes/Mark4.3/data/test/others_test_080.wav,others
/mnt/c/workspace/journal/codes/Mark4.3/data/test/others_test_081.wav,others
/mnt/c/workspace/journal/codes/Mark4.3/data/test/others_test_082.wav,others
/mnt/c/workspace/journal/codes/Mark4.3/data/test/others_test_083.wav,others
/mnt/c/workspace/journal/codes/Mark4.3/data/test/others_test_084.wav,others
/mnt/c/workspace/journal/codes/Mark4.3/data/test/others_test_085.wav,others
/mnt/c/workspace/journal/codes/Mark4.3/data/test/others_test_086.wav,others
/mnt/c/workspace/journal/codes/Mark4.3/data/test/others_test_087.wav,others
/mnt/c/workspace/journal/codes/Mark4.3/data/test/others_test_088.wav,others
/mnt/c/workspace/journal/codes/Mark4.3/data/test/others_test_089.wav,others
/mnt/c/workspace/journal/codes/Mark4.3/data/test/others_test_090.wav,others
/mnt/c/workspace/journal/codes/Mark4.3/data/test/others_test_091.wav,others
/mnt/c/workspace/journal/codes/Mark4.3/data/test/others_test_092.wav,others
/mnt/c/workspace/journal/codes/Mark4.3/data/test/others_test_093.wav,others
/mnt/c/workspace/journal/codes/Mark4.3/data/test/others_test_094.wav,others
/mnt/c/workspace/journal/codes/Mark4.3/data/test/others_test_095.wav,others
/mnt/c/workspace/journal/codes/Mark4.3/data/test/others_test_096.wav,others
/mnt/c/workspace/journal/codes/Mark4.3/data/test/others_test_097.wav,others
/mnt/c/workspace/journal/codes/Mark4.3/data/test/others_test_098.wav,others
/mnt/c/workspace/journal/codes/Mark4.3/data/test/others_test_099.wav,others
/mnt/c/workspace/journal/codes/Mark4.3/data/test/others_test_100.wav,others
/mnt/c/workspace/journal/codes/Mark4.3/data/test/others_test_101.wav,others
/mnt/c/workspace/journal/codes/Mark4.3/data/test/others_test_102.wav,others
/mnt/c/workspace/journal/codes/Mark4.3/data/test/others_test_103.wav,others
/mnt/c/workspace/journal/codes/Mark4.3/data/test/others_test_104.wav,others
/mnt/c/workspace/journal/codes/Mark4.3/data/test/others_test_105.wav,others
/mnt/c/workspace/journal/codes/Mark4.3/data/test/others_test_106.wav,others
/mnt/c/workspace/journal/codes/Mark4.3/data/test/others_test_107.wav,others
/mnt/c/workspace/journal/codes/Mark4.3/data/test/others_test_108.wav,others
/mnt/c/workspace/journal/codes/Mark4.3/data/test/others_test_109.wav,others
/mnt/c/workspace/journal/codes/Mark4.3/data/test/others_test_110.wav,others
/mnt/c/workspace/journal/codes/Mark4.3/data/test/others_test_111.wav,others
/mnt/c/workspace/journal/codes/Mark4.3/data/test/others_test_112.wav,others
/mnt/c/workspace/journal/codes/Mark4.3/data/test/others_test_113.wav,others
/mnt/c/workspace/journal/codes/Mark4.3/data/test/others_test_114.wav,others
/mnt/c/workspace/journal/codes/Mark4.3/data/test/others_test_115.wav,others
/mnt/c/workspace/journal/codes/Mark4.3/data/test/others_test_116.wav,others
/mnt/c/workspace/journal/codes/Mark4.3/data/test/others_test_117.wav,others
/mnt/c/workspace/journal/codes/Mark4.3/data/test/others_test_118.wav,others
/mnt/c/workspace/journal/codes/Mark4.3/data/test/others_test_119.wav,others
/mnt/c/workspace/journal/codes/Mark4.3/data/test/others_test_120.wav,others
/mnt/c/workspace/journal/codes/Mark4.3/data/test/others_test_121.wav,others
/mnt/c/workspace/journal/codes/Mark4.3/data/test/others_test_122.wav,others
/mnt/c/workspace/journal/codes/Mark4.3/data/test/others_test_123.wav,others
/mnt/c/workspace/journal/codes/Mark4.3/data/test/others_test_124.wav,others
/mnt/c/workspace/journal/codes/Mark4.3/data/test/others_test_125.wav,others
/mnt/c/workspace/journal/codes/Mark4.3/data/test/others_test_126.wav,others
/mnt/c/workspace/journal/codes/Mark4.3/data/test/others_test_127.wav,others
/mnt/c/workspace/journal/codes/Mark4.3/data/test/others_test_128.wav,others
/mnt/c/workspace/journal/codes/Mark4.3/data/test/others_test_129.wav,others
/mnt/c/workspace/journal/codes/Mark4.3/data/test/others_test_130.wav,others
/mnt/c/workspace/journal/codes/Mark4.3/data/test/others_test_131.wav,others
/mnt/c/workspace/journal/codes/Mark4.3/data/test/others_test_132.wav,others
/mnt/c/workspace/journal/codes/Mark4.3/data/test/others_test_133.wav,others
/mnt/c/workspace/journal/codes/Mark4.3/data/test/others_test_134.wav,others
/mnt/c/workspace/journal/codes/Mark4.3/data/test/others_test_135.wav,others
/mnt/c/workspace/journal/codes/Mark4.3/data/test/others_test_136.wav,others
/mnt/c/workspace/journal/codes/Mark4.3/data/test/others_test_137.wav,others
/mnt/c/workspace/journal/codes/Mark4.3/data/test/others_test_138.wav,others
/mnt/c/workspace/journal/codes/Mark4.3/data/test/others_test_139.wav,others
/mnt/c/workspace/journal/codes/Mark4.3/data/test/others_test_140.wav,others
/mnt/c/workspace/journal/codes/Mark4.3/data/test/others_test_141.wav,others
/mnt/c/workspace/journal/codes/Mark4.3/data/test/others_test_142.wav,others
/mnt/c/workspace/journal/codes/Mark4.3/data/test/others_test_143.wav,others
/mnt/c/workspace/journal/codes/Mark4.3/data/test/others_test_144.wav,others
/mnt/c/workspace/journal/codes/Mark4.3/data/test/others_test_145.wav,others
/mnt/c/workspace/journal/codes/Mark4.3/data/test/others_test_146.wav,others
/mnt/c/workspace/journal/codes/Mark4.3/data/test/others_test_147.wav,others
/mnt/c/workspace/journal/codes/Mark4.3/data/test/others_test_148.wav,others
/mnt/c/workspace/journal/codes/Mark4.3/data/test/others_test_149.wav,others
/mnt/c/workspace/journal/codes/Mark4.3/data/test/others_test_150.wav,others
/mnt/c/workspace/journal/codes/Mark4.3/data/test/others_test_151.wav,others
/mnt/c/workspace/journal/codes/Mark4.3/data/test/others_test_152.wav,others
/mnt/c/workspace/journal/codes/Mark4.3/data/test/others_test_153.wav,others
/mnt/c/workspace/journal/codes/Mark4.3/data/test/others_test_154.wav,others
/mnt/c/workspace/journal/codes/Mark4.3/data/test/others_test_155.wav,others
/mnt/c/workspace/journal/codes/Mark4.3/data/test/others_test_156.wav,others
/mnt/c/workspace/journal/codes/Mark4.3/data/test/others_test_157.wav,others
/mnt/c/workspace/journal/codes/Mark4.3/data/test/others_test_158.wav,others
/mnt/c/workspace/journal/codes/Mark4.3/data/test/others_test_159.wav,others
/mnt/c/workspace/journal/codes/Mark4.3/data/test/others_test_160.wav,others
/mnt/c/workspace/journal/codes/Mark4.3/data/test/others_test_161.wav,others
/mnt/c/workspace/journal/codes/Mark4.3/data/test/others_test_162.wav,others
/mnt/c/workspace/journal/codes/Mark4.3/data/test/others_test_163.wav,others
/mnt/c/workspace/journal/codes/Mark4.3/data/test/others_test_164.wav,others
/mnt/c/workspace/journal/codes/Mark4.3/data/test/others_test_165.wav,others
/mnt/c/workspace/journal/codes/Mark4.3/data/test/others_test_166.wav,others
/mnt/c/workspace/journal/codes/Mark4.3/data/test/others_test_167.wav,others
/mnt/c/workspace/journal/codes/Mark4.3/data/test/others_test_168.wav,others
/mnt/c/workspace/journal/codes/Mark4.3/data/test/others_test_169.wav,others
/mnt/c/workspace/journal/codes/Mark4.3/data/test/others_test_170.wav,others
/mnt/c/workspace/journal/codes/Mark4.3/data/test/others_test_171.wav,others
/mnt/c/workspace/journal/codes/Mark4.3/data/test/others_test_172.wav,others
/mnt/c/workspace/journal/codes/Mark4.3/data/test/others_test_173.wav,others
/mnt/c/workspace/journal/codes/Mark4.3/data/test/others_test_174.wav,others
/mnt/c/workspace/journal/codes/Mark4.3/data/test/others_test_175.wav,others
/mnt/c/workspace/journal/codes/Mark4.3/data/test/others_test_176.wav,others
/mnt/c/workspace/journal/codes/Mark4.3/data/test/others_test_177.wav,others
/mnt/c/workspace/journal/codes/Mark4.3/data/test/others_test_178.wav,others
/mnt/c/workspace/journal/codes/Mark4.3/data/test/others_test_179.wav,others
/mnt/c/workspace/journal/codes/Mark4.3/data/test/others_test_180.wav,others
/mnt/c/workspace/journal/codes/Mark4.3/data/test/others_test_181.wav,others
/mnt/c/workspace/journal/codes/Mark4.3/data/test/others_test_182.wav,others
/mnt/c/workspace/journal/codes/Mark4.3/data/test/others_test_183.wav,others
/mnt/c/workspace/journal/codes/Mark4.3/data/test/others_test_184.wav,others
/mnt/c/workspace/journal/codes/Mark4.3/data/test/others_test_185.wav,others
/mnt/c/workspace/journal/codes/Mark4.3/data/test/others_test_186.wav,others
/mnt/c/workspace/journal/codes/Mark4.3/data/test/others_test_187.wav,others
/mnt/c/workspace/journal/codes/Mark4.3/data/test/others_test_188.wav,others
/mnt/c/workspace/journal/codes/Mark4.3/data/test/others_test_189.wav,others
/mnt/c/workspace/journal/codes/Mark4.3/data/test/others_test_190.wav,others
/mnt/c/workspace/journal/codes/Mark4.3/data/test/others_test_191.wav,others
/mnt/c/workspace/journal/codes/Mark4.3/data/test/others_test_192.wav,others
/mnt/c/workspace/journal/codes/Mark4.3/data/test/others_test_193.wav,others
/mnt/c/workspace/journal/codes/Mark4.3/data/test/others_test_194.wav,others
/mnt/c/workspace/journal/codes/Mark4.3/data/test/others_test_195.wav,others
/mnt/c/workspace/journal/codes/Mark4.3/data/test/others_test_196.wav,others
/mnt/c/workspace/journal/codes/Mark4.3/data/test/others_test_197.wav,others
/mnt/c/workspace/journal/codes/Mark4.3/data/test/others_test_198.wav,others
/mnt/c/workspace/journal/codes/Mark4.3/data/test/others_test_199.wav,others
/mnt/c/workspace/journal/codes/Mark4.3/data/test/others_test_200.wav,others
/mnt/c/workspace/journal/codes/Mark4.3/data/test/others_test_201.wav,others
/mnt/c/workspace/journal/codes/Mark4.3/data/test/others_test_202.wav,others
/mnt/c/workspace/journal/codes/Mark4.3/data/test/others_test_203.wav,others
/mnt/c/workspace/journal/codes/Mark4.3/data/test/others_test_204.wav,others
/mnt/c/workspace/journal/codes/Mark4.3/data/test/others_test_205.wav,others
/mnt/c/workspace/journal/codes/Mark4.3/data/test/others_test_206.wav,others
/mnt/c/workspace/journal/codes/Mark4.3/data/test/others_test_207.wav,others
/mnt/c/workspace/journal/codes/Mark4.3/data/test/others_test_208.wav,others
/mnt/c/workspace/journal/codes/Mark4.3/data/test/others_test_209.wav,others
/mnt/c/workspace/journal/codes/Mark4.3/data/test/others_test_210.wav,others
/mnt/c/workspace/journal/codes/Mark4.3/data/test/others_test_211.wav,others
/mnt/c/workspace/journal/codes/Mark4.3/data/test/others_test_212.wav,others
/mnt/c/workspace/journal/codes/Mark4.3/data/test/others_test_213.wav,others
/mnt/c/workspace/journal/codes/Mark4.3/data/test/others_test_214.wav,others
/mnt/c/workspace/journal/codes/Mark4.3/data/test/others_test_215.wav,others
/mnt/c/workspace/journal/codes/Mark4.3/data/train/construction_train_001.wav,construction
/mnt/c/workspace/journal/codes/Mark4.3/data/train/construction_train_002.wav,construction
/mnt/c/workspace/journal/codes/Mark4.3/data/train/construction_train_003.wav,construction
/mnt/c/workspace/journal/codes/Mark4.3/data/train/construction_train_004.wav,construction
/mnt/c/workspace/journal/codes/Mark4.3/data/train/construction_train_005.wav,construction
/mnt/c/workspace/journal/codes/Mark4.3/data/train/construction_train_006.wav,construction
/mnt/c/workspace/journal/codes/Mark4.3/data/train/construction_train_007.wav,construction
/mnt/c/workspace/journal/codes/Mark4.3/data/train/construction_train_008.wav,construction
/mnt/c/workspace/journal/codes/Mark4.3/data/train/construction_train_009.wav,construction
/mnt/c/workspace/journal/codes/Mark4.3/data/train/construction_train_010.wav,construction
/mnt/c/workspace/journal/codes/Mark4.3/data/train/construction_train_011.wav,construction
/mnt/c/workspace/journal/codes/Mark4.3/data/train/construction_train_012.wav,construction
/mnt/c/workspace/journal/codes/Mark4.3/data/train/construction_train_013.wav,construction
/mnt/c/workspace/journal/codes/Mark4.3/data/train/construction_train_014.wav,construction
/mnt/c/workspace/journal/codes/Mark4.3/data/train/construction_train_015.wav,construction
/mnt/c/workspace/journal/codes/Mark4.3/data/train/construction_train_016.wav,construction
/mnt/c/workspace/journal/codes/Mark4.3/data/train/construction_train_017.wav,construction
/mnt/c/workspace/journal/codes/Mark4.3/data/train/construction_train_018.wav,construction
/mnt/c/workspace/journal/codes/Mark4.3/data/train/construction_train_019.wav,construction
/mnt/c/workspace/journal/codes/Mark4.3/data/train/construction_train_020.wav,construction
/mnt/c/workspace/journal/codes/Mark4.3/data/train/construction_train_021.wav,construction
/mnt/c/workspace/journal/codes/Mark4.3/data/train/construction_train_022.wav,construction
/mnt/c/workspace/journal/codes/Mark4.3/data/train/construction_train_023.wav,construction
/mnt/c/workspace/journal/codes/Mark4.3/data/train/construction_train_024.wav,construction
/mnt/c/workspace/journal/codes/Mark4.3/data/train/construction_train_025.wav,construction
/mnt/c/workspace/journal/codes/Mark4.3/data/train/construction_train_026.wav,construction
/mnt/c/workspace/journal/codes/Mark4.3/data/train/construction_train_027.wav,construction
/mnt/c/workspace/journal/codes/Mark4.3/data/train/construction_train_028.wav,construction
/mnt/c/workspace/journal/codes/Mark4.3/data/train/construction_train_029.wav,construction
/mnt/c/workspace/journal/codes/Mark4.3/data/train/construction_train_030.wav,construction
/mnt/c/workspace/journal/codes/Mark4.3/data/train/construction_train_031.wav,construction
/mnt/c/workspace/journal/codes/Mark4.3/data/train/construction_train_032.wav,construction
/mnt/c/workspace/journal/codes/Mark4.3/data/train/construction_train_033.wav,construction
/mnt/c/workspace/journal/codes/Mark4.3/data/train/construction_train_034.wav,construction
/mnt/c/workspace/journal/codes/Mark4.3/data/train/construction_train_035.wav,construction
/mnt/c/workspace/journal/codes/Mark4.3/data/train/construction_train_036.wav,construction
/mnt/c/workspace/journal/codes/Mark4.3/data/train/construction_train_037.wav,construction
/mnt/c/workspace/journal/codes/Mark4.3/data/train/construction_train_038.wav,construction
/mnt/c/workspace/journal/codes/Mark4.3/data/train/construction_train_039.wav,construction
/mnt/c/workspace/journal/codes/Mark4.3/data/train/construction_train_040.wav,construction
/mnt/c/workspace/journal/codes/Mark4.3/data/train/construction_train_041.wav,construction
/mnt/c/workspace/journal/codes/Mark4.3/data/train/construction_train_042.wav,construction
/mnt/c/workspace/journal/codes/Mark4.3/data/train/construction_train_043.wav,construction
/mnt/c/workspace/journal/codes/Mark4.3/data/train/construction_train_044.wav,construction
/mnt/c/workspace/journal/codes/Mark4.3/data/train/construction_train_045.wav,construction
/mnt/c/workspace/journal/codes/Mark4.3/data/train/construction_train_046.wav,construction
/mnt/c/workspace/journal/codes/Mark4.3/data/train/construction_train_047.wav,construction
/mnt/c/workspace/journal/codes/Mark4.3/data/train/construction_train_048.wav,construction
/mnt/c/workspace/journal/codes/Mark4.3/data/train/construction_train_049.wav,construction
/mnt/c/workspace/journal/codes/Mark4.3/data/train/construction_train_050.wav,construction
/mnt/c/workspace/journal/codes/Mark4.3/data/train/construction_train_051.wav,construction
/mnt/c/workspace/journal/codes/Mark4.3/data/train/construction_train_052.wav,construction
/mnt/c/workspace/journal/codes/Mark4.3/data/train/construction_train_053.wav,construction
/mnt/c/workspace/journal/codes/Mark4.3/data/train/construction_train_054.wav,construction
/mnt/c/workspace/journal/codes/Mark4.3/data/train/construction_train_055.wav,construction
/mnt/c/workspace/journal/codes/Mark4.3/data/train/construction_train_056.wav,construction
/mnt/c/workspace/journal/codes/Mark4.3/data/train/construction_train_057.wav,construction
/mnt/c/workspace/journal/codes/Mark4.3/data/train/construction_train_058.wav,construction
/mnt/c/workspace/journal/codes/Mark4.3/data/train/construction_train_059.wav,construction
/mnt/c/workspace/journal/codes/Mark4.3/data/train/construction_train_060.wav,construction
/mnt/c/workspace/journal/codes/Mark4.3/data/train/construction_train_061.wav,construction
/mnt/c/workspace/journal/codes/Mark4.3/data/train/construction_train_062.wav,construction
/mnt/c/workspace/journal/codes/Mark4.3/data/train/construction_train_063.wav,construction
/mnt/c/workspace/journal/codes/Mark4.3/data/train/construction_train_064.wav,construction
/mnt/c/workspace/journal/codes/Mark4.3/data/train/construction_train_065.wav,construction
/mnt/c/workspace/journal/codes/Mark4.3/data/train/construction_train_066.wav,construction
/mnt/c/workspace/journal/codes/Mark4.3/data/train/construction_train_067.wav,construction
/mnt/c/workspace/journal/codes/Mark4.3/data/train/construction_train_068.wav,construction
/mnt/c/workspace/journal/codes/Mark4.3/data/train/construction_train_069.wav,construction
/mnt/c/workspace/journal/codes/Mark4.3/data/train/construction_train_070.wav,construction
/mnt/c/workspace/journal/codes/Mark4.3/data/train/construction_train_071.wav,construction
/mnt/c/workspace/journal/codes/Mark4.3/data/train/construction_train_072.wav,construction
/mnt/c/workspace/journal/codes/Mark4.3/data/train/construction_train_073.wav,construction
/mnt/c/workspace/journal/codes/Mark4.3/data/train/construction_train_074.wav,construction
/mnt/c/workspace/journal/codes/Mark4.3/data/train/construction_train_075.wav,construction
/mnt/c/workspace/journal/codes/Mark4.3/data/train/construction_train_076.wav,construction
/mnt/c/workspace/journal/codes/Mark4.3/data/train/construction_train_077.wav,construction
/mnt/c/workspace/journal/codes/Mark4.3/data/train/construction_train_078.wav,construction
/mnt/c/workspace/journal/codes/Mark4.3/data/train/construction_train_079.wav,construction
/mnt/c/workspace/journal/codes/Mark4.3/data/train/construction_train_080.wav,construction
/mnt/c/workspace/journal/codes/Mark4.3/data/train/construction_train_081.wav,construction
/mnt/c/workspace/journal/codes/Mark4.3/data/train/construction_train_082.wav,construction
/mnt/c/workspace/journal/codes/Mark4.3/data/train/construction_train_083.wav,construction
/mnt/c/workspace/journal/codes/Mark4.3/data/train/construction_train_084.wav,construction
/mnt/c/workspace/journal/codes/Mark4.3/data/train/construction_train_085.wav,construction
/mnt/c/workspace/journal/codes/Mark4.3/data/train/construction_train_086.wav,construction
/mnt/c/workspace/journal/codes/Mark4.3/data/train/construction_train_087.wav,construction
/mnt/c/workspace/journal/codes/Mark4.3/data/train/construction_train_088.wav,construction
/mnt/c/workspace/journal/codes/Mark4.3/data/train/construction_train_089.wav,construction
/mnt/c/workspace/journal/codes/Mark4.3/data/train/construction_train_090.wav,construction
/mnt/c/workspace/journal/codes/Mark4.3/data/train/construction_train_091.wav,construction
/mnt/c/workspace/journal/codes/Mark4.3/data/train/construction_train_092.wav,construction
/mnt/c/workspace/journal/codes/Mark4.3/data/train/construction_train_093.wav,construction
/mnt/c/workspace/journal/codes/Mark4.3/data/train/construction_train_094.wav,construction
/mnt/c/workspace/journal/codes/Mark4.3/data/train/construction_train_095.wav,construction
/mnt/c/workspace/journal/codes/Mark4.3/data/train/construction_train_096.wav,construction
/mnt/c/workspace/journal/codes/Mark4.3/data/train/construction_train_097.wav,construction
/mnt/c/workspace/journal/codes/Mark4.3/data/train/construction_train_098.wav,construction
/mnt/c/workspace/journal/codes/Mark4.3/data/train/construction_train_099.wav,construction
/mnt/c/workspace/journal/codes/Mark4.3/data/train/construction_train_100.wav,construction
/mnt/c/workspace/journal/codes/Mark4.3/data/train/construction_train_101.wav,construction
/mnt/c/workspace/journal/codes/Mark4.3/data/train/construction_train_102.wav,construction
/mnt/c/workspace/journal/codes/Mark4.3/data/train/construction_train_103.wav,construction
/mnt/c/workspace/journal/codes/Mark4.3/data/train/construction_train_104.wav,construction
/mnt/c/workspace/journal/codes/Mark4.3/data/train/construction_train_105.wav,construction
/mnt/c/workspace/journal/codes/Mark4.3/data/train/construction_train_106.wav,construction
/mnt/c/workspace/journal/codes/Mark4.3/data/train/construction_train_107.wav,construction
/mnt/c/workspace/journal/codes/Mark4.3/data/train/construction_train_108.wav,construction
/mnt/c/workspace/journal/codes/Mark4.3/data/train/construction_train_109.wav,construction
/mnt/c/workspace/journal/codes/Mark4.3/data/train/construction_train_110.wav,construction
/mnt/c/workspace/journal/codes/Mark4.3/data/train/construction_train_111.wav,construction
/mnt/c/workspace/journal/codes/Mark4.3/data/train/construction_train_112.wav,construction
/mnt/c/workspace/journal/codes/Mark4.3/data/train/construction_train_113.wav,construction
/mnt/c/workspace/journal/codes/Mark4.3/data/train/construction_train_114.wav,construction
/mnt/c/workspace/journal/codes/Mark4.3/data/train/construction_train_115.wav,construction
/mnt/c/workspace/journal/codes/Mark4.3/data/train/construction_train_116.wav,construction
/mnt/c/workspace/journal/codes/Mark4.3/data/train/construction_train_117.wav,construction
/mnt/c/workspace/journal/codes/Mark4.3/data/train/construction_train_118.wav,construction
/mnt/c/workspace/journal/codes/Mark4.3/data/train/construction_train_119.wav,construction
/mnt/c/workspace/journal/codes/Mark4.3/data/train/construction_train_120.wav,construction
/mnt/c/workspace/journal/codes/Mark4.3/data/train/construction_train_121.wav,construction
/mnt/c/workspace/journal/codes/Mark4.3/data/train/construction_train_122.wav,construction
/mnt/c/workspace/journal/codes/Mark4.3/data/train/construction_train_123.wav,construction
/mnt/c/workspace/journal/codes/Mark4.3/data/train/construction_train_124.wav,construction
/mnt/c/workspace/journal/codes/Mark4.3/data/train/construction_train_125.wav,construction
/mnt/c/workspace/journal/codes/Mark4.3/data/train/construction_train_126.wav,construction
/mnt/c/workspace/journal/codes/Mark4.3/data/train/construction_train_127.wav,construction
/mnt/c/workspace/journal/codes/Mark4.3/data/train/construction_train_128.wav,construction
/mnt/c/workspace/journal/codes/Mark4.3/data/train/construction_train_129.wav,construction
/mnt/c/workspace/journal/codes/Mark4.3/data/train/construction_train_130.wav,construction
/mnt/c/workspace/journal/codes/Mark4.3/data/train/construction_train_131.wav,construction
/mnt/c/workspace/journal/codes/Mark4.3/data/train/construction_train_132.wav,construction
/mnt/c/workspace/journal/codes/Mark4.3/data/train/construction_train_133.wav,construction
/mnt/c/workspace/journal/codes/Mark4.3/data/train/construction_train_134.wav,construction
/mnt/c/workspace/journal/codes/Mark4.3/data/train/construction_train_135.wav,construction
/mnt/c/workspace/journal/codes/Mark4.3/data/train/construction_train_136.wav,construction
/mnt/c/workspace/journal/codes/Mark4.3/data/train/construction_train_137.wav,construction
/mnt/c/workspace/journal/codes/Mark4.3/data/train/construction_train_138.wav,construction
/mnt/c/workspace/journal/codes/Mark4.3/data/train/construction_train_139.wav,construction
/mnt/c/workspace/journal/codes/Mark4.3/data/train/construction_train_140.wav,construction
/mnt/c/workspace/journal/codes/Mark4.3/data/train/construction_train_141.wav,construction
/mnt/c/workspace/journal/codes/Mark4.3/data/train/construction_train_142.wav,construction
/mnt/c/workspace/journal/codes/Mark4.3/data/train/construction_train_143.wav,construction
/mnt/c/workspace/journal/codes/Mark4.3/data/train/construction_train_144.wav,construction
/mnt/c/workspace/journal/codes/Mark4.3/data/train/construction_train_145.wav,construction
/mnt/c/workspace/journal/codes/Mark4.3/data/train/construction_train_146.wav,construction
/mnt/c/workspace/journal/codes/Mark4.3/data/train/construction_train_147.wav,construction
/mnt/c/workspace/journal/codes/Mark4.3/data/train/construction_train_148.wav,construction
/mnt/c/workspace/journal/codes/Mark4.3/data/train/construction_train_149.wav,construction
/mnt/c/workspace/journal/codes/Mark4.3/data/train/construction_train_150.wav,construction
/mnt/c/workspace/journal/codes/Mark4.3/data/train/construction_train_151.wav,construction
/mnt/c/workspace/journal/codes/Mark4.3/data/train/construction_train_152.wav,construction
/mnt/c/workspace/journal/codes/Mark4.3/data/train/construction_train_153.wav,construction
/mnt/c/workspace/journal/codes/Mark4.3/data/train/construction_train_154.wav,construction
/mnt/c/workspace/journal/codes/Mark4.3/data/train/construction_train_155.wav,construction
/mnt/c/workspace/journal/codes/Mark4.3/data/train/construction_train_156.wav,construction
/mnt/c/workspace/journal/codes/Mark4.3/data/train/construction_train_157.wav,construction
/mnt/c/workspace/journal/codes/Mark4.3/data/train/construction_train_158.wav,construction
/mnt/c/workspace/journal/codes/Mark4.3/data/train/construction_train_159.wav,construction
/mnt/c/workspace/journal/codes/Mark4.3/data/train/construction_train_160.wav,construction
/mnt/c/workspace/journal/codes/Mark4.3/data/train/construction_train_161.wav,construction
/mnt/c/workspace/journal/codes/Mark4.3/data/train/construction_train_162.wav,construction
/mnt/c/workspace/journal/codes/Mark4.3/data/train/construction_train_163.wav,construction
/mnt/c/workspace/journal/codes/Mark4.3/data/train/construction_train_164.wav,construction
/mnt/c/workspace/journal/codes/Mark4.3/data/train/construction_train_165.wav,construction
/mnt/c/workspace/journal/codes/Mark4.3/data/train/construction_train_166.wav,construction
/mnt/c/workspace/journal/codes/Mark4.3/data/train/construction_train_167.wav,construction
/mnt/c/workspace/journal/codes/Mark4.3/data/train/construction_train_168.wav,construction
/mnt/c/workspace/journal/codes/Mark4.3/data/train/construction_train_169.wav,construction
/mnt/c/workspace/journal/codes/Mark4.3/data/train/construction_train_170.wav,construction
/mnt/c/workspace/journal/codes/Mark4.3/data/train/construction_train_171.wav,construction
/mnt/c/workspace/journal/codes/Mark4.3/data/train/construction_train_172.wav,construction
/mnt/c/workspace/journal/codes/Mark4.3/data/train/construction_train_173.wav,construction
/mnt/c/workspace/journal/codes/Mark4.3/data/train/construction_train_174.wav,construction
/mnt/c/workspace/journal/codes/Mark4.3/data/train/construction_train_175.wav,construction
/mnt/c/workspace/journal/codes/Mark4.3/data/train/construction_train_176.wav,construction
/mnt/c/workspace/journal/codes/Mark4.3/data/train/construction_train_177.wav,construction
/mnt/c/workspace/journal/codes/Mark4.3/data/train/construction_train_178.wav,construction
/mnt/c/workspace/journal/codes/Mark4.3/data/train/construction_train_179.wav,construction
/mnt/c/workspace/journal/codes/Mark4.3/data/train/construction_train_180.wav,construction
/mnt/c/workspace/journal/codes/Mark4.3/data/train/construction_train_181.wav,construction
/mnt/c/workspace/journal/codes/Mark4.3/data/train/construction_train_182.wav,construction
/mnt/c/workspace/journal/codes/Mark4.3/data/train/construction_train_183.wav,construction
/mnt/c/workspace/journal/codes/Mark4.3/data/train/construction_train_184.wav,construction
/mnt/c/workspace/journal/codes/Mark4.3/data/train/construction_train_185.wav,construction
/mnt/c/workspace/journal/codes/Mark4.3/data/train/construction_train_186.wav,construction
/mnt/c/workspace/journal/codes/Mark4.3/data/train/construction_train_187.wav,construction
/mnt/c/workspace/journal/codes/Mark4.3/data/train/construction_train_188.wav,construction
/mnt/c/workspace/journal/codes/Mark4.3/data/train/construction_train_189.wav,construction
/mnt/c/workspace/journal/codes/Mark4.3/data/train/construction_train_190.wav,construction
/mnt/c/workspace/journal/codes/Mark4.3/data/train/construction_train_191.wav,construction
/mnt/c/workspace/journal/codes/Mark4.3/data/train/construction_train_192.wav,construction
/mnt/c/workspace/journal/codes/Mark4.3/data/train/construction_train_193.wav,construction
/mnt/c/workspace/journal/codes/Mark4.3/data/train/construction_train_194.wav,construction
/mnt/c/workspace/journal/codes/Mark4.3/data/train/construction_train_195.wav,construction
/mnt/c/workspace/journal/codes/Mark4.3/data/train/construction_train_196.wav,construction
/mnt/c/workspace/journal/codes/Mark4.3/data/train/construction_train_197.wav,construction
/mnt/c/workspace/journal/codes/Mark4.3/data/train/construction_train_198.wav,construction
/mnt/c/workspace/journal/codes/Mark4.3/data/train/construction_train_199.wav,construction
/mnt/c/workspace/journal/codes/Mark4.3/data/train/construction_train_200.wav,construction
/mnt/c/workspace/journal/codes/Mark4.3/data/train/construction_train_201.wav,construction
/mnt/c/workspace/journal/codes/Mark4.3/data/train/construction_train_202.wav,construction
/mnt/c/workspace/journal/codes/Mark4.3/data/train/construction_train_203.wav,construction
/mnt/c/workspace/journal/codes/Mark4.3/data/train/construction_train_204.wav,construction
/mnt/c/workspace/journal/codes/Mark4.3/data/train/construction_train_205.wav,construction
/mnt/c/workspace/journal/codes/Mark4.3/data/train/construction_train_206.wav,construction
/mnt/c/workspace/journal/codes/Mark4.3/data/train/construction_train_207.wav,construction
/mnt/c/workspace/journal/codes/Mark4.3/data/train/construction_train_208.wav,construction
/mnt/c/workspace/journal/codes/Mark4.3/data/train/construction_train_209.wav,construction
/mnt/c/workspace/journal/codes/Mark4.3/data/train/construction_train_210.wav,construction
/mnt/c/workspace/journal/codes/Mark4.3/data/train/construction_train_211.wav,construction
/mnt/c/workspace/journal/codes/Mark4.3/data/train/construction_train_212.wav,construction
/mnt/c/workspace/journal/codes/Mark4.3/data/train/construction_train_213.wav,construction
/mnt/c/workspace/journal/codes/Mark4.3/data/train/construction_train_214.wav,construction
/mnt/c/workspace/journal/codes/Mark4.3/data/train/construction_train_215.wav,construction
/mnt/c/workspace/journal/codes/Mark4.3/data/train/construction_train_216.wav,construction
/mnt/c/workspace/journal/codes/Mark4.3/data/train/construction_train_217.wav,construction
/mnt/c/workspace/journal/codes/Mark4.3/data/train/construction_train_218.wav,construction
/mnt/c/workspace/journal/codes/Mark4.3/data/train/construction_train_219.wav,construction
/mnt/c/workspace/journal/codes/Mark4.3/data/train/construction_train_220.wav,construction
/mnt/c/workspace/journal/codes/Mark4.3/data/train/construction_train_221.wav,construction
/mnt/c/workspace/journal/codes/Mark4.3/data/train/construction_train_222.wav,construction
/mnt/c/workspace/journal/codes/Mark4.3/data/train/construction_train_223.wav,construction
/mnt/c/workspace/journal/codes/Mark4.3/data/train/construction_train_224.wav,construction
/mnt/c/workspace/journal/codes/Mark4.3/data/train/construction_train_225.wav,construction
/mnt/c/workspace/journal/codes/Mark4.3/data/train/construction_train_226.wav,construction
/mnt/c/workspace/journal/codes/Mark4.3/data/train/construction_train_227.wav,construction
/mnt/c/workspace/journal/codes/Mark4.3/data/train/construction_train_228.wav,construction
/mnt/c/workspace/journal/codes/Mark4.3/data/train/construction_train_229.wav,construction
/mnt/c/workspace/journal/codes/Mark4.3/data/train/construction_train_230.wav,construction
/mnt/c/workspace/journal/codes/Mark4.3/data/train/construction_train_231.wav,construction
/mnt/c/workspace/journal/codes/Mark4.3/data/train/construction_train_232.wav,construction
/mnt/c/workspace/journal/codes/Mark4.3/data/train/construction_train_233.wav,construction
/mnt/c/workspace/journal/codes/Mark4.3/data/train/construction_train_234.wav,construction
/mnt/c/workspace/journal/codes/Mark4.3/data/train/construction_train_235.wav,construction
/mnt/c/workspace/journal/codes/Mark4.3/data/train/construction_train_236.wav,construction
/mnt/c/workspace/journal/codes/Mark4.3/data/train/construction_train_237.wav,construction
/mnt/c/workspace/journal/codes/Mark4.3/data/train/construction_train_238.wav,construction
/mnt/c/workspace/journal/codes/Mark4.3/data/train/construction_train_239.wav,construction
/mnt/c/workspace/journal/codes/Mark4.3/data/train/construction_train_240.wav,construction
/mnt/c/workspace/journal/codes/Mark4.3/data/train/construction_train_241.wav,construction
/mnt/c/workspace/journal/codes/Mark4.3/data/train/construction_train_242.wav,construction
/mnt/c/workspace/journal/codes/Mark4.3/data/train/construction_train_243.wav,construction
/mnt/c/workspace/journal/codes/Mark4.3/data/train/construction_train_244.wav,construction
/mnt/c/workspace/journal/codes/Mark4.3/data/train/construction_train_245.wav,construction
/mnt/c/workspace/journal/codes/Mark4.3/data/train/construction_train_246.wav,construction
/mnt/c/workspace/journal/codes/Mark4.3/data/train/construction_train_247.wav,construction
/mnt/c/workspace/journal/codes/Mark4.3/data/train/construction_train_248.wav,construction
/mnt/c/workspace/journal/codes/Mark4.3/data/train/construction_train_249.wav,construction
/mnt/c/workspace/journal/codes/Mark4.3/data/train/construction_train_250.wav,construction
/mnt/c/workspace/journal/codes/Mark4.3/data/train/construction_train_251.wav,construction
/mnt/c/workspace/journal/codes/Mark4.3/data/train/construction_train_252.wav,construction
/mnt/c/workspace/journal/codes/Mark4.3/data/train/construction_train_253.wav,construction
/mnt/c/workspace/journal/codes/Mark4.3/data/train/construction_train_254.wav,construction
/mnt/c/workspace/journal/codes/Mark4.3/data/train/construction_train_255.wav,construction
/mnt/c/workspace/journal/codes/Mark4.3/data/train/construction_train_256.wav,construction
/mnt/c/workspace/journal/codes/Mark4.3/data/train/construction_train_257.wav,construction
/mnt/c/workspace/journal/codes/Mark4.3/data/train/construction_train_258.wav,construction
/mnt/c/workspace/journal/codes/Mark4.3/data/train/construction_train_259.wav,construction
/mnt/c/workspace/journal/codes/Mark4.3/data/train/construction_train_260.wav,construction
/mnt/c/workspace/journal/codes/Mark4.3/data/train/construction_train_261.wav,construction
/mnt/c/workspace/journal/codes/Mark4.3/data/train/construction_train_262.wav,construction
/mnt/c/workspace/journal/codes/Mark4.3/data/train/construction_train_263.wav,construction
/mnt/c/workspace/journal/codes/Mark4.3/data/train/construction_train_264.wav,construction
/mnt/c/workspace/journal/codes/Mark4.3/data/train/construction_train_265.wav,construction
/mnt/c/workspace/journal/codes/Mark4.3/data/train/construction_train_266.wav,construction
/mnt/c/workspace/journal/codes/Mark4.3/data/train/construction_train_267.wav,construction
/mnt/c/workspace/journal/codes/Mark4.3/data/train/construction_train_268.wav,construction
/mnt/c/workspace/journal/codes/Mark4.3/data/train/construction_train_269.wav,construction
/mnt/c/workspace/journal/codes/Mark4.3/data/train/construction_train_270.wav,construction
/mnt/c/workspace/journal/codes/Mark4.3/data/train/construction_train_271.wav,construction
/mnt/c/workspace/journal/codes/Mark4.3/data/train/construction_train_272.wav,construction
/mnt/c/workspace/journal/codes/Mark4.3/data/train/construction_train_273.wav,construction
/mnt/c/workspace/journal/codes/Mark4.3/data/train/construction_train_274.wav,construction
/mnt/c/workspace/journal/codes/Mark4.3/data/train/construction_train_275.wav,construction
/mnt/c/workspace/journal/codes/Mark4.3/data/train/construction_train_276.wav,construction
/mnt/c/workspace/journal/codes/Mark4.3/data/train/construction_train_277.wav,construction
/mnt/c/workspace/journal/codes/Mark4.3/data/train/construction_train_278.wav,construction
/mnt/c/workspace/journal/codes/Mark4.3/data/train/construction_train_279.wav,construction
/mnt/c/workspace/journal/codes/Mark4.3/data/train/construction_train_280.wav,construction
/mnt/c/workspace/journal/codes/Mark4.3/data/train/construction_train_281.wav,construction
/mnt/c/workspace/journal/codes/Mark4.3/data/train/construction_train_282.wav,construction
/mnt/c/workspace/journal/codes/Mark4.3/data/train/construction_train_283.wav,construction
/mnt/c/workspace/journal/codes/Mark4.3/data/train/construction_train_284.wav,construction
/mnt/c/workspace/journal/codes/Mark4.3/data/train/construction_train_285.wav,construction
/mnt/c/workspace/journal/codes/Mark4.3/data/train/construction_train_286.wav,construction
/mnt/c/workspace/journal/codes/Mark4.3/data/train/construction_train_287.wav,construction
/mnt/c/workspace/journal/codes/Mark4.3/data/train/construction_train_288.wav,construction
/mnt/c/workspace/journal/codes/Mark4.3/data/train/construction_train_289.wav,construction
/mnt/c/workspace/journal/codes/Mark4.3/data/train/construction_train_290.wav,construction
/mnt/c/workspace/journal/codes/Mark4.3/data/train/construction_train_291.wav,construction
/mnt/c/workspace/journal/codes/Mark4.3/data/train/construction_train_292.wav,construction
/mnt/c/workspace/journal/codes/Mark4.3/data/train/construction_train_293.wav,construction
/mnt/c/workspace/journal/codes/Mark4.3/data/train/construction_train_294.wav,construction
/mnt/c/workspace/journal/codes/Mark4.3/data/train/construction_train_295.wav,construction
/mnt/c/workspace/journal/codes/Mark4.3/data/train/construction_train_296.wav,construction
/mnt/c/workspace/journal/codes/Mark4.3/data/train/construction_train_297.wav,construction
/mnt/c/workspace/journal/codes/Mark4.3/data/train/construction_train_298.wav,construction
/mnt/c/workspace/journal/codes/Mark4.3/data/train/construction_train_299.wav,construction
/mnt/c/workspace/journal/codes/Mark4.3/data/train/construction_train_300.wav,construction
/mnt/c/workspace/journal/codes/Mark4.3/data/train/construction_train_301.wav,construction
/mnt/c/workspace/journal/codes/Mark4.3/data/train/construction_train_302.wav,construction
/mnt/c/workspace/journal/codes/Mark4.3/data/train/construction_train_303.wav,construction
/mnt/c/workspace/journal/codes/Mark4.3/data/train/construction_train_304.wav,construction
/mnt/c/workspace/journal/codes/Mark4.3/data/train/construction_train_305.wav,construction
/mnt/c/workspace/journal/codes/Mark4.3/data/train/construction_train_306.wav,construction
/mnt/c/workspace/journal/codes/Mark4.3/data/train/construction_train_307.wav,construction
/mnt/c/workspace/journal/codes/Mark4.3/data/train/construction_train_308.wav,construction
/mnt/c/workspace/journal/codes/Mark4.3/data/train/construction_train_309.wav,construction
/mnt/c/workspace/journal/codes/Mark4.3/data/train/construction_train_310.wav,construction
/mnt/c/workspace/journal/codes/Mark4.3/data/train/construction_train_311.wav,construction
/mnt/c/workspace/journal/codes/Mark4.3/data/train/construction_train_312.wav,construction
/mnt/c/workspace/journal/codes/Mark4.3/data/train/construction_train_313.wav,construction
/mnt/c/workspace/journal/codes/Mark4.3/data/train/construction_train_314.wav,construction
/mnt/c/workspace/journal/codes/Mark4.3/data/train/construction_train_315.wav,construction
/mnt/c/workspace/journal/codes/Mark4.3/data/train/construction_train_316.wav,construction
/mnt/c/workspace/journal/codes/Mark4.3/data/train/construction_train_317.wav,construction
/mnt/c/workspace/journal/codes/Mark4.3/data/train/construction_train_318.wav,construction
/mnt/c/workspace/journal/codes/Mark4.3/data/train/construction_train_319.wav,construction
/mnt/c/workspace/journal/codes/Mark4.3/data/train/construction_train_320.wav,construction
/mnt/c/workspace/journal/codes/Mark4.3/data/train/construction_train_321.wav,construction
/mnt/c/workspace/journal/codes/Mark4.3/data/train/construction_train_322.wav,construction
/mnt/c/workspace/journal/codes/Mark4.3/data/train/construction_train_323.wav,construction
/mnt/c/workspace/journal/codes/Mark4.3/data/train/construction_train_324.wav,construction
/mnt/c/workspace/journal/codes/Mark4.3/data/train/construction_train_325.wav,construction
/mnt/c/workspace/journal/codes/Mark4.3/data/train/construction_train_326.wav,construction
/mnt/c/workspace/journal/codes/Mark4.3/data/train/construction_train_327.wav,construction
/mnt/c/workspace/journal/codes/Mark4.3/data/train/construction_train_328.wav,construction
/mnt/c/workspace/journal/codes/Mark4.3/data/train/construction_train_329.wav,construction
/mnt/c/workspace/journal/codes/Mark4.3/data/train/construction_train_330.wav,construction
/mnt/c/workspace/journal/codes/Mark4.3/data/train/construction_train_331.wav,construction
/mnt/c/workspace/journal/codes/Mark4.3/data/train/construction_train_332.wav,construction
/mnt/c/workspace/journal/codes/Mark4.3/data/train/construction_train_333.wav,construction
/mnt/c/workspace/journal/codes/Mark4.3/data/train/construction_train_334.wav,construction
/mnt/c/workspace/journal/codes/Mark4.3/data/train/construction_train_335.wav,construction
/mnt/c/workspace/journal/codes/Mark4.3/data/train/construction_train_336.wav,construction
/mnt/c/workspace/journal/codes/Mark4.3/data/train/construction_train_337.wav,construction
/mnt/c/workspace/journal/codes/Mark4.3/data/train/construction_train_338.wav,construction
/mnt/c/workspace/journal/codes/Mark4.3/data/train/construction_train_339.wav,construction
/mnt/c/workspace/journal/codes/Mark4.3/data/train/construction_train_340.wav,construction
/mnt/c/workspace/journal/codes/Mark4.3/data/train/construction_train_341.wav,construction
/mnt/c/workspace/journal/codes/Mark4.3/data/train/construction_train_342.wav,construction
/mnt/c/workspace/journal/codes/Mark4.3/data/train/construction_train_343.wav,construction
/mnt/c/workspace/journal/codes/Mark4.3/data/train/construction_train_344.wav,construction
/mnt/c/workspace/journal/codes/Mark4.3/data/train/construction_train_345.wav,construction
/mnt/c/workspace/journal/codes/Mark4.3/data/train/construction_train_346.wav,construction
/mnt/c/workspace/journal/codes/Mark4.3/data/train/construction_train_347.wav,construction
/mnt/c/workspace/journal/codes/Mark4.3/data/train/construction_train_348.wav,construction
/mnt/c/workspace/journal/codes/Mark4.3/data/train/construction_train_349.wav,construction
/mnt/c/workspace/journal/codes/Mark4.3/data/train/construction_train_350.wav,construction
/mnt/c/workspace/journal/codes/Mark4.3/data/train/construction_train_351.wav,construction
/mnt/c/workspace/journal/codes/Mark4.3/data/train/construction_train_352.wav,construction
/mnt/c/workspace/journal/codes/Mark4.3/data/train/construction_train_353.wav,construction
/mnt/c/workspace/journal/codes/Mark4.3/data/train/construction_train_354.wav,construction
/mnt/c/workspace/journal/codes/Mark4.3/data/train/construction_train_355.wav,construction
/mnt/c/workspace/journal/codes/Mark4.3/data/train/construction_train_356.wav,construction
/mnt/c/workspace/journal/codes/Mark4.3/data/train/construction_train_357.wav,construction
/mnt/c/workspace/journal/codes/Mark4.3/data/train/construction_train_358.wav,construction
/mnt/c/workspace/journal/codes/Mark4.3/data/train/construction_train_359.wav,construction
/mnt/c/workspace/journal/codes/Mark4.3/data/train/construction_train_360.wav,construction
/mnt/c/workspace/journal/codes/Mark4.3/data/train/construction_train_361.wav,construction
/mnt/c/workspace/journal/codes/Mark4.3/data/train/construction_train_362.wav,construction
/mnt/c/workspace/journal/codes/Mark4.3/data/train/construction_train_363.wav,construction
/mnt/c/workspace/journal/codes/Mark4.3/data/train/construction_train_364.wav,construction
/mnt/c/workspace/journal/codes/Mark4.3/data/train/construction_train_365.wav,construction
/mnt/c/workspace/journal/codes/Mark4.3/data/train/construction_train_366.wav,construction
/mnt/c/workspace/journal/codes/Mark4.3/data/train/construction_train_367.wav,construction
/mnt/c/workspace/journal/codes/Mark4.3/data/train/construction_train_368.wav,construction
/mnt/c/workspace/journal/codes/Mark4.3/data/train/construction_train_369.wav,construction
/mnt/c/workspace/journal/codes/Mark4.3/data/train/construction_train_370.wav,construction
/mnt/c/workspace/journal/codes/Mark4.3/data/train/construction_train_371.wav,construction
/mnt/c/workspace/journal/codes/Mark4.3/data/train/construction_train_372.wav,construction
/mnt/c/workspace/journal/codes/Mark4.3/data/train/construction_train_373.wav,construction
/mnt/c/workspace/journal/codes/Mark4.3/data/train/construction_train_374.wav,construction
/mnt/c/workspace/journal/codes/Mark4.3/data/train/construction_train_375.wav,construction
/mnt/c/workspace/journal/codes/Mark4.3/data/train/construction_train_376.wav,construction
/mnt/c/workspace/journal/codes/Mark4.3/data/train/construction_train_377.wav,construction
/mnt/c/workspace/journal/codes/Mark4.3/data/train/construction_train_378.wav,construction
/mnt/c/workspace/journal/codes/Mark4.3/data/train/construction_train_379.wav,construction
/mnt/c/workspace/journal/codes/Mark4.3/data/train/construction_train_380.wav,construction
/mnt/c/workspace/journal/codes/Mark4.3/data/train/construction_train_381.wav,construction
/mnt/c/workspace/journal/codes/Mark4.3/data/train/construction_train_382.wav,construction
/mnt/c/workspace/journal/codes/Mark4.3/data/train/construction_train_383.wav,construction
/mnt/c/workspace/journal/codes/Mark4.3/data/train/construction_train_384.wav,construction
/mnt/c/workspace/journal/codes/Mark4.3/data/train/construction_train_385.wav,construction
/mnt/c/workspace/journal/codes/Mark4.3/data/train/construction_train_386.wav,construction
/mnt/c/workspace/journal/codes/Mark4.3/data/train/construction_train_387.wav,construction
/mnt/c/workspace/journal/codes/Mark4.3/data/train/construction_train_388.wav,construction
/mnt/c/workspace/journal/codes/Mark4.3/data/train/construction_train_389.wav,construction
/mnt/c/workspace/journal/codes/Mark4.3/data/train/construction_train_390.wav,construction
/mnt/c/workspace/journal/codes/Mark4.3/data/train/construction_train_391.wav,construction
/mnt/c/workspace/journal/codes/Mark4.3/data/train/construction_train_392.wav,construction
/mnt/c/workspace/journal/codes/Mark4.3/data/train/construction_train_393.wav,construction
/mnt/c/workspace/journal/codes/Mark4.3/data/train/construction_train_394.wav,construction
/mnt/c/workspace/journal/codes/Mark4.3/data/train/construction_train_395.wav,construction
/mnt/c/workspace/journal/codes/Mark4.3/data/train/construction_train_396.wav,construction
/mnt/c/workspace/journal/codes/Mark4.3/data/train/construction_train_397.wav,construction
/mnt/c/workspace/journal/codes/Mark4.3/data/train/construction_train_398.wav,construction
/mnt/c/workspace/journal/codes/Mark4.3/data/train/construction_train_399.wav,construction
/mnt/c/workspace/journal/codes/Mark4.3/data/train/construction_train_400.wav,construction
/mnt/c/workspace/journal/codes/Mark4.3/data/train/construction_train_401.wav,construction
/mnt/c/workspace/journal/codes/Mark4.3/data/train/construction_train_402.wav,construction
/mnt/c/workspace/journal/codes/Mark4.3/data/train/construction_train_403.wav,construction
/mnt/c/workspace/journal/codes/Mark4.3/data/train/construction_train_404.wav,construction
/mnt/c/workspace/journal/codes/Mark4.3/data/train/construction_train_405.wav,construction
/mnt/c/workspace/journal/codes/Mark4.3/data/train/construction_train_406.wav,construction
/mnt/c/workspace/journal/codes/Mark4.3/data/train/construction_train_407.wav,construction
/mnt/c/workspace/journal/codes/Mark4.3/data/train/construction_train_408.wav,construction
/mnt/c/workspace/journal/codes/Mark4.3/data/train/construction_train_409.wav,construction
/mnt/c/workspace/journal/codes/Mark4.3/data/train/construction_train_410.wav,construction
/mnt/c/workspace/journal/codes/Mark4.3/data/train/construction_train_411.wav,construction
/mnt/c/workspace/journal/codes/Mark4.3/data/train/construction_train_412.wav,construction
/mnt/c/workspace/journal/codes/Mark4.3/data/train/construction_train_413.wav,construction
/mnt/c/workspace/journal/codes/Mark4.3/data/train/construction_train_414.wav,construction
/mnt/c/workspace/journal/codes/Mark4.3/data/train/construction_train_415.wav,construction
/mnt/c/workspace/journal/codes/Mark4.3/data/train/construction_train_416.wav,construction
/mnt/c/workspace/journal/codes/Mark4.3/data/train/construction_train_417.wav,construction
/mnt/c/workspace/journal/codes/Mark4.3/data/train/construction_train_418.wav,construction
/mnt/c/workspace/journal/codes/Mark4.3/data/train/construction_train_419.wav,construction
/mnt/c/workspace/journal/codes/Mark4.3/data/train/construction_train_420.wav,construction
/mnt/c/workspace/journal/codes/Mark4.3/data/train/construction_train_421.wav,construction
/mnt/c/workspace/journal/codes/Mark4.3/data/train/construction_train_422.wav,construction
/mnt/c/workspace/journal/codes/Mark4.3/data/train/construction_train_423.wav,construction
/mnt/c/workspace/journal/codes/Mark4.3/data/train/construction_train_424.wav,construction
/mnt/c/workspace/journal/codes/Mark4.3/data/train/construction_train_425.wav,construction
/mnt/c/workspace/journal/codes/Mark4.3/data/train/construction_train_426.wav,construction
/mnt/c/workspace/journal/codes/Mark4.3/data/train/construction_train_427.wav,construction
/mnt/c/workspace/journal/codes/Mark4.3/data/train/construction_train_428.wav,construction
/mnt/c/workspace/journal/codes/Mark4.3/data/train/construction_train_429.wav,construction
/mnt/c/workspace/journal/codes/Mark4.3/data/train/construction_train_430.wav,construction
/mnt/c/workspace/journal/codes/Mark4.3/data/train/construction_train_431.wav,construction
/mnt/c/workspace/journal/codes/Mark4.3/data/train/construction_train_432.wav,construction
/mnt/c/workspace/journal/codes/Mark4.3/data/train/construction_train_433.wav,construction
/mnt/c/workspace/journal/codes/Mark4.3/data/train/construction_train_434.wav,construction
/mnt/c/workspace/journal/codes/Mark4.3/data/train/construction_train_435.wav,construction
/mnt/c/workspace/journal/codes/Mark4.3/data/train/construction_train_436.wav,construction
/mnt/c/workspace/journal/codes/Mark4.3/data/train/construction_train_437.wav,construction
/mnt/c/workspace/journal/codes/Mark4.3/data/train/construction_train_438.wav,construction
/mnt/c/workspace/journal/codes/Mark4.3/data/train/construction_train_439.wav,construction
/mnt/c/workspace/journal/codes/Mark4.3/data/train/construction_train_440.wav,construction
/mnt/c/workspace/journal/codes/Mark4.3/data/train/construction_train_441.wav,construction
/mnt/c/workspace/journal/codes/Mark4.3/data/train/construction_train_442.wav,construction
/mnt/c/workspace/journal/codes/Mark4.3/data/train/construction_train_443.wav,construction
/mnt/c/workspace/journal/codes/Mark4.3/data/train/construction_train_444.wav,construction
/mnt/c/workspace/journal/codes/Mark4.3/data/train/construction_train_445.wav,construction
/mnt/c/workspace/journal/codes/Mark4.3/data/train/construction_train_446.wav,construction
/mnt/c/workspace/journal/codes/Mark4.3/data/train/construction_train_447.wav,construction
/mnt/c/workspace/journal/codes/Mark4.3/data/train/construction_train_448.wav,construction
/mnt/c/workspace/journal/codes/Mark4.3/data/train/construction_train_449.wav,construction
/mnt/c/workspace/journal/codes/Mark4.3/data/train/construction_train_450.wav,construction
/mnt/c/workspace/journal/codes/Mark4.3/data/train/construction_train_451.wav,construction
/mnt/c/workspace/journal/codes/Mark4.3/data/train/construction_train_452.wav,construction
/mnt/c/workspace/journal/codes/Mark4.3/data/train/construction_train_453.wav,construction
/mnt/c/workspace/journal/codes/Mark4.3/data/train/construction_train_454.wav,construction
/mnt/c/workspace/journal/codes/Mark4.3/data/train/construction_train_455.wav,construction
/mnt/c/workspace/journal/codes/Mark4.3/data/train/construction_train_456.wav,construction
/mnt/c/workspace/journal/codes/Mark4.3/data/train/construction_train_457.wav,construction
/mnt/c/workspace/journal/codes/Mark4.3/data/train/construction_train_458.wav,construction
/mnt/c/workspace/journal/codes/Mark4.3/data/train/construction_train_459.wav,construction
/mnt/c/workspace/journal/codes/Mark4.3/data/train/construction_train_460.wav,construction
/mnt/c/workspace/journal/codes/Mark4.3/data/train/construction_train_461.wav,construction
/mnt/c/workspace/journal/codes/Mark4.3/data/train/construction_train_462.wav,construction
/mnt/c/workspace/journal/codes/Mark4.3/data/train/construction_train_463.wav,construction
/mnt/c/workspace/journal/codes/Mark4.3/data/train/construction_train_464.wav,construction
/mnt/c/workspace/journal/codes/Mark4.3/data/train/construction_train_465.wav,construction
/mnt/c/workspace/journal/codes/Mark4.3/data/train/construction_train_466.wav,construction
/mnt/c/workspace/journal/codes/Mark4.3/data/train/construction_train_467.wav,construction
/mnt/c/workspace/journal/codes/Mark4.3/data/train/construction_train_468.wav,construction
/mnt/c/workspace/journal/codes/Mark4.3/data/train/construction_train_469.wav,construction
/mnt/c/workspace/journal/codes/Mark4.3/data/train/construction_train_470.wav,construction
/mnt/c/workspace/journal/codes/Mark4.3/data/train/construction_train_471.wav,construction
/mnt/c/workspace/journal/codes/Mark4.3/data/train/construction_train_472.wav,construction
/mnt/c/workspace/journal/codes/Mark4.3/data/train/construction_train_473.wav,construction
/mnt/c/workspace/journal/codes/Mark4.3/data/train/construction_train_474.wav,construction
/mnt/c/workspace/journal/codes/Mark4.3/data/train/construction_train_475.wav,construction
/mnt/c/workspace/journal/codes/Mark4.3/data/train/construction_train_476.wav,construction
/mnt/c/workspace/journal/codes/Mark4.3/data/train/construction_train_477.wav,construction
/mnt/c/workspace/journal/codes/Mark4.3/data/train/construction_train_478.wav,construction
/mnt/c/workspace/journal/codes/Mark4.3/data/train/construction_train_479.wav,construction
/mnt/c/workspace/journal/codes/Mark4.3/data/train/construction_train_480.wav,construction
/mnt/c/workspace/journal/codes/Mark4.3/data/train/construction_train_481.wav,construction
/mnt/c/workspace/journal/codes/Mark4.3/data/train/construction_train_482.wav,construction
/mnt/c/workspace/journal/codes/Mark4.3/data/train/construction_train_483.wav,construction
/mnt/c/workspace/journal/codes/Mark4.3/data/train/construction_train_484.wav,construction
/mnt/c/workspace/journal/codes/Mark4.3/data/train/construction_train_485.wav,construction
/mnt/c/workspace/journal/codes/Mark4.3/data/train/construction_train_486.wav,construction
/mnt/c/workspace/journal/codes/Mark4.3/data/train/construction_train_487.wav,construction
/mnt/c/workspace/journal/codes/Mark4.3/data/train/construction_train_488.wav,construction
/mnt/c/workspace/journal/codes/Mark4.3/data/train/construction_train_489.wav,construction
/mnt/c/workspace/journal/codes/Mark4.3/data/train/construction_train_490.wav,construction
/mnt/c/workspace/journal/codes/Mark4.3/data/train/construction_train_491.wav,construction
/mnt/c/workspace/journal/codes/Mark4.3/data/train/construction_train_492.wav,construction
/mnt/c/workspace/journal/codes/Mark4.3/data/train/construction_train_493.wav,construction
/mnt/c/workspace/journal/codes/Mark4.3/data/train/construction_train_494.wav,construction
/mnt/c/workspace/journal/codes/Mark4.3/data/train/construction_train_495.wav,construction
/mnt/c/workspace/journal/codes/Mark4.3/data/train/construction_train_496.wav,construction
/mnt/c/workspace/journal/codes/Mark4.3/data/train/construction_train_497.wav,construction
/mnt/c/workspace/journal/codes/Mark4.3/data/train/construction_train_498.wav,construction
/mnt/c/workspace/journal/codes/Mark4.3/data/train/construction_train_499.wav,construction
/mnt/c/workspace/journal/codes/Mark4.3/data/train/construction_train_500.wav,construction
/mnt/c/workspace/journal/codes/Mark4.3/data/train/construction_train_aug_001.wav,construction
/mnt/c/workspace/journal/codes/Mark4.3/data/train/construction_train_aug_002.wav,construction
/mnt/c/workspace/journal/codes/Mark4.3/data/train/construction_train_aug_003.wav,construction
/mnt/c/workspace/journal/codes/Mark4.3/data/train/construction_train_aug_004.wav,construction
/mnt/c/workspace/journal/codes/Mark4.3/data/train/construction_train_aug_005.wav,construction
/mnt/c/workspace/journal/codes/Mark4.3/data/train/construction_train_aug_006.wav,construction
/mnt/c/workspace/journal/codes/Mark4.3/data/train/construction_train_aug_007.wav,construction
/mnt/c/workspace/journal/codes/Mark4.3/data/train/construction_train_aug_008.wav,construction
/mnt/c/workspace/journal/codes/Mark4.3/data/train/construction_train_aug_009.wav,construction
/mnt/c/workspace/journal/codes/Mark4.3/data/train/construction_train_aug_010.wav,construction
/mnt/c/workspace/journal/codes/Mark4.3/data/train/construction_train_aug_011.wav,construction
/mnt/c/workspace/journal/codes/Mark4.3/data/train/construction_train_aug_012.wav,construction
/mnt/c/workspace/journal/codes/Mark4.3/data/train/construction_train_aug_013.wav,construction
/mnt/c/workspace/journal/codes/Mark4.3/data/train/construction_train_aug_014.wav,construction
/mnt/c/workspace/journal/codes/Mark4.3/data/train/construction_train_aug_015.wav,construction
/mnt/c/workspace/journal/codes/Mark4.3/data/train/construction_train_aug_016.wav,construction
/mnt/c/workspace/journal/codes/Mark4.3/data/train/construction_train_aug_017.wav,construction
/mnt/c/workspace/journal/codes/Mark4.3/data/train/construction_train_aug_018.wav,construction
/mnt/c/workspace/journal/codes/Mark4.3/data/train/construction_train_aug_019.wav,construction
/mnt/c/workspace/journal/codes/Mark4.3/data/train/construction_train_aug_020.wav,construction
/mnt/c/workspace/journal/codes/Mark4.3/data/train/construction_train_aug_021.wav,construction
/mnt/c/workspace/journal/codes/Mark4.3/data/train/construction_train_aug_022.wav,construction
/mnt/c/workspace/journal/codes/Mark4.3/data/train/construction_train_aug_023.wav,construction
/mnt/c/workspace/journal/codes/Mark4.3/data/train/construction_train_aug_024.wav,construction
/mnt/c/workspace/journal/codes/Mark4.3/data/train/construction_train_aug_025.wav,construction
/mnt/c/workspace/journal/codes/Mark4.3/data/train/construction_train_aug_026.wav,construction
/mnt/c/workspace/journal/codes/Mark4.3/data/train/construction_train_aug_027.wav,construction
/mnt/c/workspace/journal/codes/Mark4.3/data/train/construction_train_aug_028.wav,construction
/mnt/c/workspace/journal/codes/Mark4.3/data/train/construction_train_aug_029.wav,construction
/mnt/c/workspace/journal/codes/Mark4.3/data/train/construction_train_aug_030.wav,construction
/mnt/c/workspace/journal/codes/Mark4.3/data/train/construction_train_aug_031.wav,construction
/mnt/c/workspace/journal/codes/Mark4.3/data/train/construction_train_aug_032.wav,construction
/mnt/c/workspace/journal/codes/Mark4.3/data/train/construction_train_aug_033.wav,construction
/mnt/c/workspace/journal/codes/Mark4.3/data/train/construction_train_aug_034.wav,construction
/mnt/c/workspace/journal/codes/Mark4.3/data/train/construction_train_aug_035.wav,construction
/mnt/c/workspace/journal/codes/Mark4.3/data/train/construction_train_aug_036.wav,construction
/mnt/c/workspace/journal/codes/Mark4.3/data/train/construction_train_aug_037.wav,construction
/mnt/c/workspace/journal/codes/Mark4.3/data/train/construction_train_aug_038.wav,construction
/mnt/c/workspace/journal/codes/Mark4.3/data/train/construction_train_aug_039.wav,construction
/mnt/c/workspace/journal/codes/Mark4.3/data/train/construction_train_aug_040.wav,construction
/mnt/c/workspace/journal/codes/Mark4.3/data/train/construction_train_aug_041.wav,construction
/mnt/c/workspace/journal/codes/Mark4.3/data/train/construction_train_aug_042.wav,construction
/mnt/c/workspace/journal/codes/Mark4.3/data/train/construction_train_aug_043.wav,construction
/mnt/c/workspace/journal/codes/Mark4.3/data/train/construction_train_aug_044.wav,construction
/mnt/c/workspace/journal/codes/Mark4.3/data/train/construction_train_aug_045.wav,construction
/mnt/c/workspace/journal/codes/Mark4.3/data/train/construction_train_aug_046.wav,construction
/mnt/c/workspace/journal/codes/Mark4.3/data/train/construction_train_aug_047.wav,construction
/mnt/c/workspace/journal/codes/Mark4.3/data/train/construction_train_aug_048.wav,construction
/mnt/c/workspace/journal/codes/Mark4.3/data/train/construction_train_aug_049.wav,construction
/mnt/c/workspace/journal/codes/Mark4.3/data/train/construction_train_aug_050.wav,construction
/mnt/c/workspace/journal/codes/Mark4.3/data/train/construction_train_aug_051.wav,construction
/mnt/c/workspace/journal/codes/Mark4.3/data/train/construction_train_aug_052.wav,construction
/mnt/c/workspace/journal/codes/Mark4.3/data/train/construction_train_aug_053.wav,construction
/mnt/c/workspace/journal/codes/Mark4.3/data/train/construction_train_aug_054.wav,construction
/mnt/c/workspace/journal/codes/Mark4.3/data/train/construction_train_aug_055.wav,construction
/mnt/c/workspace/journal/codes/Mark4.3/data/train/construction_train_aug_056.wav,construction
/mnt/c/workspace/journal/codes/Mark4.3/data/train/construction_train_aug_057.wav,construction
/mnt/c/workspace/journal/codes/Mark4.3/data/train/construction_train_aug_058.wav,construction
/mnt/c/workspace/journal/codes/Mark4.3/data/train/construction_train_aug_059.wav,construction
/mnt/c/workspace/journal/codes/Mark4.3/data/train/construction_train_aug_060.wav,construction
/mnt/c/workspace/journal/codes/Mark4.3/data/train/construction_train_aug_061.wav,construction
/mnt/c/workspace/journal/codes/Mark4.3/data/train/construction_train_aug_062.wav,construction
/mnt/c/workspace/journal/codes/Mark4.3/data/train/construction_train_aug_063.wav,construction
/mnt/c/workspace/journal/codes/Mark4.3/data/train/construction_train_aug_064.wav,construction
/mnt/c/workspace/journal/codes/Mark4.3/data/train/construction_train_aug_065.wav,construction
/mnt/c/workspace/journal/codes/Mark4.3/data/train/construction_train_aug_066.wav,construction
/mnt/c/workspace/journal/codes/Mark4.3/data/train/construction_train_aug_067.wav,construction
/mnt/c/workspace/journal/codes/Mark4.3/data/train/construction_train_aug_068.wav,construction
/mnt/c/workspace/journal/codes/Mark4.3/data/train/construction_train_aug_069.wav,construction
/mnt/c/workspace/journal/codes/Mark4.3/data/train/construction_train_aug_070.wav,construction
/mnt/c/workspace/journal/codes/Mark4.3/data/train/construction_train_aug_071.wav,construction
/mnt/c/workspace/journal/codes/Mark4.3/data/train/construction_train_aug_072.wav,construction
/mnt/c/workspace/journal/codes/Mark4.3/data/train/construction_train_aug_073.wav,construction
/mnt/c/workspace/journal/codes/Mark4.3/data/train/construction_train_aug_074.wav,construction
/mnt/c/workspace/journal/codes/Mark4.3/data/train/construction_train_aug_075.wav,construction
/mnt/c/workspace/journal/codes/Mark4.3/data/train/construction_train_aug_076.wav,construction
/mnt/c/workspace/journal/codes/Mark4.3/data/train/construction_train_aug_077.wav,construction
/mnt/c/workspace/journal/codes/Mark4.3/data/train/construction_train_aug_078.wav,construction
/mnt/c/workspace/journal/codes/Mark4.3/data/train/construction_train_aug_079.wav,construction
/mnt/c/workspace/journal/codes/Mark4.3/data/train/construction_train_aug_080.wav,construction
/mnt/c/workspace/journal/codes/Mark4.3/data/train/construction_train_aug_081.wav,construction
/mnt/c/workspace/journal/codes/Mark4.3/data/train/construction_train_aug_082.wav,construction
/mnt/c/workspace/journal/codes/Mark4.3/data/train/construction_train_aug_083.wav,construction
/mnt/c/workspace/journal/codes/Mark4.3/data/train/construction_train_aug_084.wav,construction
/mnt/c/workspace/journal/codes/Mark4.3/data/train/construction_train_aug_085.wav,construction
/mnt/c/workspace/journal/codes/Mark4.3/data/train/construction_train_aug_086.wav,construction
/mnt/c/workspace/journal/codes/Mark4.3/data/train/construction_train_aug_087.wav,construction
/mnt/c/workspace/journal/codes/Mark4.3/data/train/construction_train_aug_088.wav,construction
/mnt/c/workspace/journal/codes/Mark4.3/data/train/construction_train_aug_089.wav,construction
/mnt/c/workspace/journal/codes/Mark4.3/data/train/construction_train_aug_090.wav,construction
/mnt/c/workspace/journal/codes/Mark4.3/data/train/construction_train_aug_091.wav,construction
/mnt/c/workspace/journal/codes/Mark4.3/data/train/construction_train_aug_092.wav,construction
/mnt/c/workspace/journal/codes/Mark4.3/data/train/construction_train_aug_093.wav,construction
/mnt/c/workspace/journal/codes/Mark4.3/data/train/construction_train_aug_094.wav,construction
/mnt/c/workspace/journal/codes/Mark4.3/data/train/construction_train_aug_095.wav,construction
/mnt/c/workspace/journal/codes/Mark4.3/data/train/construction_train_aug_096.wav,construction
/mnt/c/workspace/journal/codes/Mark4.3/data/train/construction_train_aug_097.wav,construction
/mnt/c/workspace/journal/codes/Mark4.3/data/train/construction_train_aug_098.wav,construction
/mnt/c/workspace/journal/codes/Mark4.3/data/train/construction_train_aug_099.wav,construction
/mnt/c/workspace/journal/codes/Mark4.3/data/train/construction_train_aug_100.wav,construction
/mnt/c/workspace/journal/codes/Mark4.3/data/train/construction_train_aug_101.wav,construction
/mnt/c/workspace/journal/codes/Mark4.3/data/train/construction_train_aug_102.wav,construction
/mnt/c/workspace/journal/codes/Mark4.3/data/train/construction_train_aug_103.wav,construction
/mnt/c/workspace/journal/codes/Mark4.3/data/train/construction_train_aug_104.wav,construction
/mnt/c/workspace/journal/codes/Mark4.3/data/train/construction_train_aug_105.wav,construction
/mnt/c/workspace/journal/codes/Mark4.3/data/train/construction_train_aug_106.wav,construction
/mnt/c/workspace/journal/codes/Mark4.3/data/train/construction_train_aug_107.wav,construction
/mnt/c/workspace/journal/codes/Mark4.3/data/train/construction_train_aug_108.wav,construction
/mnt/c/workspace/journal/codes/Mark4.3/data/train/construction_train_aug_109.wav,construction
/mnt/c/workspace/journal/codes/Mark4.3/data/train/construction_train_aug_110.wav,construction
/mnt/c/workspace/journal/codes/Mark4.3/data/train/construction_train_aug_111.wav,construction
/mnt/c/workspace/journal/codes/Mark4.3/data/train/construction_train_aug_112.wav,construction
/mnt/c/workspace/journal/codes/Mark4.3/data/train/construction_train_aug_113.wav,construction
/mnt/c/workspace/journal/codes/Mark4.3/data/train/construction_train_aug_114.wav,construction
/mnt/c/workspace/journal/codes/Mark4.3/data/train/construction_train_aug_115.wav,construction
/mnt/c/workspace/journal/codes/Mark4.3/data/train/construction_train_aug_116.wav,construction
/mnt/c/workspace/journal/codes/Mark4.3/data/train/construction_train_aug_117.wav,construction
/mnt/c/workspace/journal/codes/Mark4.3/data/train/construction_train_aug_118.wav,construction
/mnt/c/workspace/journal/codes/Mark4.3/data/train/construction_train_aug_119.wav,construction
/mnt/c/workspace/journal/codes/Mark4.3/data/train/construction_train_aug_120.wav,construction
/mnt/c/workspace/journal/codes/Mark4.3/data/train/construction_train_aug_121.wav,construction
/mnt/c/workspace/journal/codes/Mark4.3/data/train/construction_train_aug_122.wav,construction
/mnt/c/workspace/journal/codes/Mark4.3/data/train/construction_train_aug_123.wav,construction
/mnt/c/workspace/journal/codes/Mark4.3/data/train/construction_train_aug_124.wav,construction
/mnt/c/workspace/journal/codes/Mark4.3/data/train/construction_train_aug_125.wav,construction
/mnt/c/workspace/journal/codes/Mark4.3/data/train/construction_train_aug_126.wav,construction
/mnt/c/workspace/journal/codes/Mark4.3/data/train/construction_train_aug_127.wav,construction
/mnt/c/workspace/journal/codes/Mark4.3/data/train/construction_train_aug_128.wav,construction
/mnt/c/workspace/journal/codes/Mark4.3/data/train/construction_train_aug_129.wav,construction
/mnt/c/workspace/journal/codes/Mark4.3/data/train/construction_train_aug_130.wav,construction
/mnt/c/workspace/journal/codes/Mark4.3/data/train/construction_train_aug_131.wav,construction
/mnt/c/workspace/journal/codes/Mark4.3/data/train/construction_train_aug_132.wav,construction
/mnt/c/workspace/journal/codes/Mark4.3/data/train/construction_train_aug_133.wav,construction
/mnt/c/workspace/journal/codes/Mark4.3/data/train/construction_train_aug_134.wav,construction
/mnt/c/workspace/journal/codes/Mark4.3/data/train/construction_train_aug_135.wav,construction
/mnt/c/workspace/journal/codes/Mark4.3/data/train/construction_train_aug_136.wav,construction
/mnt/c/workspace/journal/codes/Mark4.3/data/train/construction_train_aug_137.wav,construction
/mnt/c/workspace/journal/codes/Mark4.3/data/train/construction_train_aug_138.wav,construction
/mnt/c/workspace/journal/codes/Mark4.3/data/train/construction_train_aug_139.wav,construction
/mnt/c/workspace/journal/codes/Mark4.3/data/train/construction_train_aug_140.wav,construction
/mnt/c/workspace/journal/codes/Mark4.3/data/train/construction_train_aug_141.wav,construction
/mnt/c/workspace/journal/codes/Mark4.3/data/train/construction_train_aug_142.wav,construction
/mnt/c/workspace/journal/codes/Mark4.3/data/train/construction_train_aug_143.wav,construction
/mnt/c/workspace/journal/codes/Mark4.3/data/train/construction_train_aug_144.wav,construction
/mnt/c/workspace/journal/codes/Mark4.3/data/train/construction_train_aug_145.wav,construction
/mnt/c/workspace/journal/codes/Mark4.3/data/train/construction_train_aug_146.wav,construction
/mnt/c/workspace/journal/codes/Mark4.3/data/train/construction_train_aug_147.wav,construction
/mnt/c/workspace/journal/codes/Mark4.3/data/train/construction_train_aug_148.wav,construction
/mnt/c/workspace/journal/codes/Mark4.3/data/train/construction_train_aug_149.wav,construction
/mnt/c/workspace/journal/codes/Mark4.3/data/train/construction_train_aug_150.wav,construction
/mnt/c/workspace/journal/codes/Mark4.3/data/train/construction_train_aug_151.wav,construction
/mnt/c/workspace/journal/codes/Mark4.3/data/train/construction_train_aug_152.wav,construction
/mnt/c/workspace/journal/codes/Mark4.3/data/train/construction_train_aug_153.wav,construction
/mnt/c/workspace/journal/codes/Mark4.3/data/train/construction_train_aug_154.wav,construction
/mnt/c/workspace/journal/codes/Mark4.3/data/train/construction_train_aug_155.wav,construction
/mnt/c/workspace/journal/codes/Mark4.3/data/train/construction_train_aug_156.wav,construction
/mnt/c/workspace/journal/codes/Mark4.3/data/train/construction_train_aug_157.wav,construction
/mnt/c/workspace/journal/codes/Mark4.3/data/train/construction_train_aug_158.wav,construction
/mnt/c/workspace/journal/codes/Mark4.3/data/train/construction_train_aug_159.wav,construction
/mnt/c/workspace/journal/codes/Mark4.3/data/train/construction_train_aug_160.wav,construction
/mnt/c/workspace/journal/codes/Mark4.3/data/train/construction_train_aug_161.wav,construction
/mnt/c/workspace/journal/codes/Mark4.3/data/train/construction_train_aug_162.wav,construction
/mnt/c/workspace/journal/codes/Mark4.3/data/train/construction_train_aug_163.wav,construction
/mnt/c/workspace/journal/codes/Mark4.3/data/train/construction_train_aug_164.wav,construction
/mnt/c/workspace/journal/codes/Mark4.3/data/train/construction_train_aug_165.wav,construction
/mnt/c/workspace/journal/codes/Mark4.3/data/train/construction_train_aug_166.wav,construction
/mnt/c/workspace/journal/codes/Mark4.3/data/train/construction_train_aug_167.wav,construction
/mnt/c/workspace/journal/codes/Mark4.3/data/train/construction_train_aug_168.wav,construction
/mnt/c/workspace/journal/codes/Mark4.3/data/train/construction_train_aug_169.wav,construction
/mnt/c/workspace/journal/codes/Mark4.3/data/train/construction_train_aug_170.wav,construction
/mnt/c/workspace/journal/codes/Mark4.3/data/train/construction_train_aug_171.wav,construction
/mnt/c/workspace/journal/codes/Mark4.3/data/train/construction_train_aug_172.wav,construction
/mnt/c/workspace/journal/codes/Mark4.3/data/train/construction_train_aug_173.wav,construction
/mnt/c/workspace/journal/codes/Mark4.3/data/train/construction_train_aug_174.wav,construction
/mnt/c/workspace/journal/codes/Mark4.3/data/train/construction_train_aug_175.wav,construction
/mnt/c/workspace/journal/codes/Mark4.3/data/train/construction_train_aug_176.wav,construction
/mnt/c/workspace/journal/codes/Mark4.3/data/train/construction_train_aug_177.wav,construction
/mnt/c/workspace/journal/codes/Mark4.3/data/train/construction_train_aug_178.wav,construction
/mnt/c/workspace/journal/codes/Mark4.3/data/train/construction_train_aug_179.wav,construction
/mnt/c/workspace/journal/codes/Mark4.3/data/train/construction_train_aug_180.wav,construction
/mnt/c/workspace/journal/codes/Mark4.3/data/train/construction_train_aug_181.wav,construction
/mnt/c/workspace/journal/codes/Mark4.3/data/train/construction_train_aug_182.wav,construction
/mnt/c/workspace/journal/codes/Mark4.3/data/train/construction_train_aug_183.wav,construction
/mnt/c/workspace/journal/codes/Mark4.3/data/train/construction_train_aug_184.wav,construction
/mnt/c/workspace/journal/codes/Mark4.3/data/train/construction_train_aug_185.wav,construction
/mnt/c/workspace/journal/codes/Mark4.3/data/train/construction_train_aug_186.wav,construction
/mnt/c/workspace/journal/codes/Mark4.3/data/train/construction_train_aug_187.wav,construction
/mnt/c/workspace/journal/codes/Mark4.3/data/train/construction_train_aug_188.wav,construction
/mnt/c/workspace/journal/codes/Mark4.3/data/train/construction_train_aug_189.wav,construction
/mnt/c/workspace/journal/codes/Mark4.3/data/train/construction_train_aug_190.wav,construction
/mnt/c/workspace/journal/codes/Mark4.3/data/train/construction_train_aug_191.wav,construction
/mnt/c/workspace/journal/codes/Mark4.3/data/train/construction_train_aug_192.wav,construction
/mnt/c/workspace/journal/codes/Mark4.3/data/train/construction_train_aug_193.wav,construction
/mnt/c/workspace/journal/codes/Mark4.3/data/train/construction_train_aug_194.wav,construction
/mnt/c/workspace/journal/codes/Mark4.3/data/train/construction_train_aug_195.wav,construction
/mnt/c/workspace/journal/codes/Mark4.3/data/train/construction_train_aug_196.wav,construction
/mnt/c/workspace/journal/codes/Mark4.3/data/train/construction_train_aug_197.wav,construction
/mnt/c/workspace/journal/codes/Mark4.3/data/train/construction_train_aug_198.wav,construction
/mnt/c/workspace/journal/codes/Mark4.3/data/train/construction_train_aug_199.wav,construction
/mnt/c/workspace/journal/codes/Mark4.3/data/train/construction_train_aug_200.wav,construction
/mnt/c/workspace/journal/codes/Mark4.3/data/train/construction_train_aug_201.wav,construction
/mnt/c/workspace/journal/codes/Mark4.3/data/train/construction_train_aug_202.wav,construction
/mnt/c/workspace/journal/codes/Mark4.3/data/train/construction_train_aug_203.wav,construction
/mnt/c/workspace/journal/codes/Mark4.3/data/train/construction_train_aug_204.wav,construction
/mnt/c/workspace/journal/codes/Mark4.3/data/train/construction_train_aug_205.wav,construction
/mnt/c/workspace/journal/codes/Mark4.3/data/train/construction_train_aug_206.wav,construction
/mnt/c/workspace/journal/codes/Mark4.3/data/train/construction_train_aug_207.wav,construction
/mnt/c/workspace/journal/codes/Mark4.3/data/train/construction_train_aug_208.wav,construction
/mnt/c/workspace/journal/codes/Mark4.3/data/train/construction_train_aug_209.wav,construction
/mnt/c/workspace/journal/codes/Mark4.3/data/train/construction_train_aug_210.wav,construction
/mnt/c/workspace/journal/codes/Mark4.3/data/train/construction_train_aug_211.wav,construction
/mnt/c/workspace/journal/codes/Mark4.3/data/train/construction_train_aug_212.wav,construction
/mnt/c/workspace/journal/codes/Mark4.3/data/train/construction_train_aug_213.wav,construction
/mnt/c/workspace/journal/codes/Mark4.3/data/train/construction_train_aug_214.wav,construction
/mnt/c/workspace/journal/codes/Mark4.3/data/train/construction_train_aug_215.wav,construction
/mnt/c/workspace/journal/codes/Mark4.3/data/train/construction_train_aug_216.wav,construction
/mnt/c/workspace/journal/codes/Mark4.3/data/train/construction_train_aug_217.wav,construction
/mnt/c/workspace/journal/codes/Mark4.3/data/train/construction_train_aug_218.wav,construction
/mnt/c/workspace/journal/codes/Mark4.3/data/train/construction_train_aug_219.wav,construction
/mnt/c/workspace/journal/codes/Mark4.3/data/train/construction_train_aug_220.wav,construction
/mnt/c/workspace/journal/codes/Mark4.3/data/train/construction_train_aug_221.wav,construction
/mnt/c/workspace/journal/codes/Mark4.3/data/train/construction_train_aug_222.wav,construction
/mnt/c/workspace/journal/codes/Mark4.3/data/train/construction_train_aug_223.wav,construction
/mnt/c/workspace/journal/codes/Mark4.3/data/train/construction_train_aug_224.wav,construction
/mnt/c/workspace/journal/codes/Mark4.3/data/train/construction_train_aug_225.wav,construction
/mnt/c/workspace/journal/codes/Mark4.3/data/train/construction_train_aug_226.wav,construction
/mnt/c/workspace/journal/codes/Mark4.3/data/train/construction_train_aug_227.wav,construction
/mnt/c/workspace/journal/codes/Mark4.3/data/train/construction_train_aug_228.wav,construction
/mnt/c/workspace/journal/codes/Mark4.3/data/train/construction_train_aug_229.wav,construction
/mnt/c/workspace/journal/codes/Mark4.3/data/train/construction_train_aug_230.wav,construction
/mnt/c/workspace/journal/codes/Mark4.3/data/train/construction_train_aug_231.wav,construction
/mnt/c/workspace/journal/codes/Mark4.3/data/train/construction_train_aug_232.wav,construction
/mnt/c/workspace/journal/codes/Mark4.3/data/train/construction_train_aug_233.wav,construction
/mnt/c/workspace/journal/codes/Mark4.3/data/train/construction_train_aug_234.wav,construction
/mnt/c/workspace/journal/codes/Mark4.3/data/train/construction_train_aug_235.wav,construction
/mnt/c/workspace/journal/codes/Mark4.3/data/train/construction_train_aug_236.wav,construction
/mnt/c/workspace/journal/codes/Mark4.3/data/train/construction_train_aug_237.wav,construction
/mnt/c/workspace/journal/codes/Mark4.3/data/train/construction_train_aug_238.wav,construction
/mnt/c/workspace/journal/codes/Mark4.3/data/train/construction_train_aug_239.wav,construction
/mnt/c/workspace/journal/codes/Mark4.3/data/train/construction_train_aug_240.wav,construction
/mnt/c/workspace/journal/codes/Mark4.3/data/train/construction_train_aug_241.wav,construction
/mnt/c/workspace/journal/codes/Mark4.3/data/train/construction_train_aug_242.wav,construction
/mnt/c/workspace/journal/codes/Mark4.3/data/train/construction_train_aug_243.wav,construction
/mnt/c/workspace/journal/codes/Mark4.3/data/train/construction_train_aug_244.wav,construction
/mnt/c/workspace/journal/codes/Mark4.3/data/train/construction_train_aug_245.wav,construction
/mnt/c/workspace/journal/codes/Mark4.3/data/train/construction_train_aug_246.wav,construction
/mnt/c/workspace/journal/codes/Mark4.3/data/train/construction_train_aug_247.wav,construction
/mnt/c/workspace/journal/codes/Mark4.3/data/train/construction_train_aug_248.wav,construction
/mnt/c/workspace/journal/codes/Mark4.3/data/train/construction_train_aug_249.wav,construction
/mnt/c/workspace/journal/codes/Mark4.3/data/train/construction_train_aug_250.wav,construction
/mnt/c/workspace/journal/codes/Mark4.3/data/train/construction_train_aug_251.wav,construction
/mnt/c/workspace/journal/codes/Mark4.3/data/train/construction_train_aug_252.wav,construction
/mnt/c/workspace/journal/codes/Mark4.3/data/train/construction_train_aug_253.wav,construction
/mnt/c/workspace/journal/codes/Mark4.3/data/train/construction_train_aug_254.wav,construction
/mnt/c/workspace/journal/codes/Mark4.3/data/train/construction_train_aug_255.wav,construction
/mnt/c/workspace/journal/codes/Mark4.3/data/train/construction_train_aug_256.wav,construction
/mnt/c/workspace/journal/codes/Mark4.3/data/train/construction_train_aug_257.wav,construction
/mnt/c/workspace/journal/codes/Mark4.3/data/train/construction_train_aug_258.wav,construction
/mnt/c/workspace/journal/codes/Mark4.3/data/train/construction_train_aug_259.wav,construction
/mnt/c/workspace/journal/codes/Mark4.3/data/train/construction_train_aug_260.wav,construction
/mnt/c/workspace/journal/codes/Mark4.3/data/train/construction_train_aug_261.wav,construction
/mnt/c/workspace/journal/codes/Mark4.3/data/train/construction_train_aug_262.wav,construction
/mnt/c/workspace/journal/codes/Mark4.3/data/train/construction_train_aug_263.wav,construction
/mnt/c/workspace/journal/codes/Mark4.3/data/train/construction_train_aug_264.wav,construction
/mnt/c/workspace/journal/codes/Mark4.3/data/train/construction_train_aug_265.wav,construction
/mnt/c/workspace/journal/codes/Mark4.3/data/train/construction_train_aug_266.wav,construction
/mnt/c/workspace/journal/codes/Mark4.3/data/train/construction_train_aug_267.wav,construction
/mnt/c/workspace/journal/codes/Mark4.3/data/train/construction_train_aug_268.wav,construction
/mnt/c/workspace/journal/codes/Mark4.3/data/train/construction_train_aug_269.wav,construction
/mnt/c/workspace/journal/codes/Mark4.3/data/train/construction_train_aug_270.wav,construction
/mnt/c/workspace/journal/codes/Mark4.3/data/train/construction_train_aug_271.wav,construction
/mnt/c/workspace/journal/codes/Mark4.3/data/train/construction_train_aug_272.wav,construction
/mnt/c/workspace/journal/codes/Mark4.3/data/train/construction_train_aug_273.wav,construction
/mnt/c/workspace/journal/codes/Mark4.3/data/train/construction_train_aug_274.wav,construction
/mnt/c/workspace/journal/codes/Mark4.3/data/train/construction_train_aug_275.wav,construction
/mnt/c/workspace/journal/codes/Mark4.3/data/train/construction_train_aug_276.wav,construction
/mnt/c/workspace/journal/codes/Mark4.3/data/train/construction_train_aug_277.wav,construction
/mnt/c/workspace/journal/codes/Mark4.3/data/train/construction_train_aug_278.wav,construction
/mnt/c/workspace/journal/codes/Mark4.3/data/train/construction_train_aug_279.wav,construction
/mnt/c/workspace/journal/codes/Mark4.3/data/train/construction_train_aug_280.wav,construction
/mnt/c/workspace/journal/codes/Mark4.3/data/train/construction_train_aug_281.wav,construction
/mnt/c/workspace/journal/codes/Mark4.3/data/train/construction_train_aug_282.wav,construction
/mnt/c/workspace/journal/codes/Mark4.3/data/train/construction_train_aug_283.wav,construction
/mnt/c/workspace/journal/codes/Mark4.3/data/train/construction_train_aug_284.wav,construction
/mnt/c/workspace/journal/codes/Mark4.3/data/train/construction_train_aug_285.wav,construction
/mnt/c/workspace/journal/codes/Mark4.3/data/train/construction_train_aug_286.wav,construction
/mnt/c/workspace/journal/codes/Mark4.3/data/train/construction_train_aug_287.wav,construction
/mnt/c/workspace/journal/codes/Mark4.3/data/train/construction_train_aug_288.wav,construction
/mnt/c/workspace/journal/codes/Mark4.3/data/train/construction_train_aug_289.wav,construction
/mnt/c/workspace/journal/codes/Mark4.3/data/train/construction_train_aug_290.wav,construction
/mnt/c/workspace/journal/codes/Mark4.3/data/train/construction_train_aug_291.wav,construction
/mnt/c/workspace/journal/codes/Mark4.3/data/train/construction_train_aug_292.wav,construction
/mnt/c/workspace/journal/codes/Mark4.3/data/train/construction_train_aug_293.wav,construction
/mnt/c/workspace/journal/codes/Mark4.3/data/train/construction_train_aug_294.wav,construction
/mnt/c/workspace/journal/codes/Mark4.3/data/train/construction_train_aug_295.wav,construction
/mnt/c/workspace/journal/codes/Mark4.3/data/train/construction_train_aug_296.wav,construction
/mnt/c/workspace/journal/codes/Mark4.3/data/train/construction_train_aug_297.wav,construction
/mnt/c/workspace/journal/codes/Mark4.3/data/train/construction_train_aug_298.wav,construction
/mnt/c/workspace/journal/codes/Mark4.3/data/train/construction_train_aug_299.wav,construction
/mnt/c/workspace/journal/codes/Mark4.3/data/train/construction_train_aug_300.wav,construction
/mnt/c/workspace/journal/codes/Mark4.3/data/train/construction_train_aug_301.wav,construction
/mnt/c/workspace/journal/codes/Mark4.3/data/train/construction_train_aug_302.wav,construction
/mnt/c/workspace/journal/codes/Mark4.3/data/train/construction_train_aug_303.wav,construction
/mnt/c/workspace/journal/codes/Mark4.3/data/train/construction_train_aug_304.wav,construction
/mnt/c/workspace/journal/codes/Mark4.3/data/train/construction_train_aug_305.wav,construction
/mnt/c/workspace/journal/codes/Mark4.3/data/train/construction_train_aug_306.wav,construction
/mnt/c/workspace/journal/codes/Mark4.3/data/train/construction_train_aug_307.wav,construction
/mnt/c/workspace/journal/codes/Mark4.3/data/train/construction_train_aug_308.wav,construction
/mnt/c/workspace/journal/codes/Mark4.3/data/train/construction_train_aug_309.wav,construction
/mnt/c/workspace/journal/codes/Mark4.3/data/train/construction_train_aug_310.wav,construction
/mnt/c/workspace/journal/codes/Mark4.3/data/train/construction_train_aug_311.wav,construction
/mnt/c/workspace/journal/codes/Mark4.3/data/train/construction_train_aug_312.wav,construction
/mnt/c/workspace/journal/codes/Mark4.3/data/train/construction_train_aug_313.wav,construction
/mnt/c/workspace/journal/codes/Mark4.3/data/train/construction_train_aug_314.wav,construction
/mnt/c/workspace/journal/codes/Mark4.3/data/train/construction_train_aug_315.wav,construction
/mnt/c/workspace/journal/codes/Mark4.3/data/train/construction_train_aug_316.wav,construction
/mnt/c/workspace/journal/codes/Mark4.3/data/train/construction_train_aug_317.wav,construction
/mnt/c/workspace/journal/codes/Mark4.3/data/train/construction_train_aug_318.wav,construction
/mnt/c/workspace/journal/codes/Mark4.3/data/train/construction_train_aug_319.wav,construction
/mnt/c/workspace/journal/codes/Mark4.3/data/train/construction_train_aug_320.wav,construction
/mnt/c/workspace/journal/codes/Mark4.3/data/train/construction_train_aug_321.wav,construction
/mnt/c/workspace/journal/codes/Mark4.3/data/train/construction_train_aug_322.wav,construction
/mnt/c/workspace/journal/codes/Mark4.3/data/train/construction_train_aug_323.wav,construction
/mnt/c/workspace/journal/codes/Mark4.3/data/train/construction_train_aug_324.wav,construction
/mnt/c/workspace/journal/codes/Mark4.3/data/train/construction_train_aug_325.wav,construction
/mnt/c/workspace/journal/codes/Mark4.3/data/train/construction_train_aug_326.wav,construction
/mnt/c/workspace/journal/codes/Mark4.3/data/train/construction_train_aug_327.wav,construction
/mnt/c/workspace/journal/codes/Mark4.3/data/train/construction_train_aug_328.wav,construction
/mnt/c/workspace/journal/codes/Mark4.3/data/train/construction_train_aug_329.wav,construction
/mnt/c/workspace/journal/codes/Mark4.3/data/train/construction_train_aug_330.wav,construction
/mnt/c/workspace/journal/codes/Mark4.3/data/train/construction_train_aug_331.wav,construction
/mnt/c/workspace/journal/codes/Mark4.3/data/train/construction_train_aug_332.wav,construction
/mnt/c/workspace/journal/codes/Mark4.3/data/train/construction_train_aug_333.wav,construction
/mnt/c/workspace/journal/codes/Mark4.3/data/train/construction_train_aug_334.wav,construction
/mnt/c/workspace/journal/codes/Mark4.3/data/train/construction_train_aug_335.wav,construction
/mnt/c/workspace/journal/codes/Mark4.3/data/train/construction_train_aug_336.wav,construction
/mnt/c/workspace/journal/codes/Mark4.3/data/train/construction_train_aug_337.wav,construction
/mnt/c/workspace/journal/codes/Mark4.3/data/train/construction_train_aug_338.wav,construction
/mnt/c/workspace/journal/codes/Mark4.3/data/train/construction_train_aug_339.wav,construction
/mnt/c/workspace/journal/codes/Mark4.3/data/train/construction_train_aug_340.wav,construction
/mnt/c/workspace/journal/codes/Mark4.3/data/train/construction_train_aug_341.wav,construction
/mnt/c/workspace/journal/codes/Mark4.3/data/train/construction_train_aug_342.wav,construction
/mnt/c/workspace/journal/codes/Mark4.3/data/train/construction_train_aug_343.wav,construction
/mnt/c/workspace/journal/codes/Mark4.3/data/train/construction_train_aug_344.wav,construction
/mnt/c/workspace/journal/codes/Mark4.3/data/train/construction_train_aug_345.wav,construction
/mnt/c/workspace/journal/codes/Mark4.3/data/train/construction_train_aug_346.wav,construction
/mnt/c/workspace/journal/codes/Mark4.3/data/train/construction_train_aug_347.wav,construction
/mnt/c/workspace/journal/codes/Mark4.3/data/train/construction_train_aug_348.wav,construction
/mnt/c/workspace/journal/codes/Mark4.3/data/train/construction_train_aug_349.wav,construction
/mnt/c/workspace/journal/codes/Mark4.3/data/train/construction_train_aug_350.wav,construction
/mnt/c/workspace/journal/codes/Mark4.3/data/train/construction_train_aug_351.wav,construction
/mnt/c/workspace/journal/codes/Mark4.3/data/train/construction_train_aug_352.wav,construction
/mnt/c/workspace/journal/codes/Mark4.3/data/train/construction_train_aug_353.wav,construction
/mnt/c/workspace/journal/codes/Mark4.3/data/train/construction_train_aug_354.wav,construction
/mnt/c/workspace/journal/codes/Mark4.3/data/train/construction_train_aug_355.wav,construction
/mnt/c/workspace/journal/codes/Mark4.3/data/train/construction_train_aug_356.wav,construction
/mnt/c/workspace/journal/codes/Mark4.3/data/train/construction_train_aug_357.wav,construction
/mnt/c/workspace/journal/codes/Mark4.3/data/train/construction_train_aug_358.wav,construction
/mnt/c/workspace/journal/codes/Mark4.3/data/train/construction_train_aug_359.wav,construction
/mnt/c/workspace/journal/codes/Mark4.3/data/train/construction_train_aug_360.wav,construction
/mnt/c/workspace/journal/codes/Mark4.3/data/train/construction_train_aug_361.wav,construction
/mnt/c/workspace/journal/codes/Mark4.3/data/train/construction_train_aug_362.wav,construction
/mnt/c/workspace/journal/codes/Mark4.3/data/train/construction_train_aug_363.wav,construction
/mnt/c/workspace/journal/codes/Mark4.3/data/train/construction_train_aug_364.wav,construction
/mnt/c/workspace/journal/codes/Mark4.3/data/train/construction_train_aug_365.wav,construction
/mnt/c/workspace/journal/codes/Mark4.3/data/train/construction_train_aug_366.wav,construction
/mnt/c/workspace/journal/codes/Mark4.3/data/train/construction_train_aug_367.wav,construction
/mnt/c/workspace/journal/codes/Mark4.3/data/train/construction_train_aug_368.wav,construction
/mnt/c/workspace/journal/codes/Mark4.3/data/train/construction_train_aug_369.wav,construction
/mnt/c/workspace/journal/codes/Mark4.3/data/train/construction_train_aug_370.wav,construction
/mnt/c/workspace/journal/codes/Mark4.3/data/train/construction_train_aug_371.wav,construction
/mnt/c/workspace/journal/codes/Mark4.3/data/train/construction_train_aug_372.wav,construction
/mnt/c/workspace/journal/codes/Mark4.3/data/train/construction_train_aug_373.wav,construction
/mnt/c/workspace/journal/codes/Mark4.3/data/train/construction_train_aug_374.wav,construction
/mnt/c/workspace/journal/codes/Mark4.3/data/train/construction_train_aug_375.wav,construction
/mnt/c/workspace/journal/codes/Mark4.3/data/train/construction_train_aug_376.wav,construction
/mnt/c/workspace/journal/codes/Mark4.3/data/train/construction_train_aug_377.wav,construction
/mnt/c/workspace/journal/codes/Mark4.3/data/train/construction_train_aug_378.wav,construction
/mnt/c/workspace/journal/codes/Mark4.3/data/train/construction_train_aug_379.wav,construction
/mnt/c/workspace/journal/codes/Mark4.3/data/train/construction_train_aug_380.wav,construction
/mnt/c/workspace/journal/codes/Mark4.3/data/train/construction_train_aug_381.wav,construction
/mnt/c/workspace/journal/codes/Mark4.3/data/train/construction_train_aug_382.wav,construction
/mnt/c/workspace/journal/codes/Mark4.3/data/train/construction_train_aug_383.wav,construction
/mnt/c/workspace/journal/codes/Mark4.3/data/train/construction_train_aug_384.wav,construction
/mnt/c/workspace/journal/codes/Mark4.3/data/train/construction_train_aug_385.wav,construction
/mnt/c/workspace/journal/codes/Mark4.3/data/train/construction_train_aug_386.wav,construction
/mnt/c/workspace/journal/codes/Mark4.3/data/train/construction_train_aug_387.wav,construction
/mnt/c/workspace/journal/codes/Mark4.3/data/train/construction_train_aug_388.wav,construction
/mnt/c/workspace/journal/codes/Mark4.3/data/train/construction_train_aug_389.wav,construction
/mnt/c/workspace/journal/codes/Mark4.3/data/train/construction_train_aug_390.wav,construction
/mnt/c/workspace/journal/codes/Mark4.3/data/train/construction_train_aug_391.wav,construction
/mnt/c/workspace/journal/codes/Mark4.3/data/train/construction_train_aug_392.wav,construction
/mnt/c/workspace/journal/codes/Mark4.3/data/train/construction_train_aug_393.wav,construction
/mnt/c/workspace/journal/codes/Mark4.3/data/train/construction_train_aug_394.wav,construction
/mnt/c/workspace/journal/codes/Mark4.3/data/train/construction_train_aug_395.wav,construction
/mnt/c/workspace/journal/codes/Mark4.3/data/train/construction_train_aug_396.wav,construction
/mnt/c/workspace/journal/codes/Mark4.3/data/train/construction_train_aug_397.wav,construction
/mnt/c/workspace/journal/codes/Mark4.3/data/train/construction_train_aug_398.wav,construction
/mnt/c/workspace/journal/codes/Mark4.3/data/train/construction_train_aug_399.wav,construction
/mnt/c/workspace/journal/codes/Mark4.3/data/train/construction_train_aug_400.wav,construction
/mnt/c/workspace/journal/codes/Mark4.3/data/train/construction_train_aug_401.wav,construction
/mnt/c/workspace/journal/codes/Mark4.3/data/train/construction_train_aug_402.wav,construction
/mnt/c/workspace/journal/codes/Mark4.3/data/train/construction_train_aug_403.wav,construction
/mnt/c/workspace/journal/codes/Mark4.3/data/train/construction_train_aug_404.wav,construction
/mnt/c/workspace/journal/codes/Mark4.3/data/train/construction_train_aug_405.wav,construction
/mnt/c/workspace/journal/codes/Mark4.3/data/train/construction_train_aug_406.wav,construction
/mnt/c/workspace/journal/codes/Mark4.3/data/train/construction_train_aug_407.wav,construction
/mnt/c/workspace/journal/codes/Mark4.3/data/train/construction_train_aug_408.wav,construction
/mnt/c/workspace/journal/codes/Mark4.3/data/train/construction_train_aug_409.wav,construction
/mnt/c/workspace/journal/codes/Mark4.3/data/train/construction_train_aug_410.wav,construction
/mnt/c/workspace/journal/codes/Mark4.3/data/train/construction_train_aug_411.wav,construction
/mnt/c/workspace/journal/codes/Mark4.3/data/train/construction_train_aug_412.wav,construction
/mnt/c/workspace/journal/codes/Mark4.3/data/train/construction_train_aug_413.wav,construction
/mnt/c/workspace/journal/codes/Mark4.3/data/train/construction_train_aug_414.wav,construction
/mnt/c/workspace/journal/codes/Mark4.3/data/train/construction_train_aug_415.wav,construction
/mnt/c/workspace/journal/codes/Mark4.3/data/train/construction_train_aug_416.wav,construction
/mnt/c/workspace/journal/codes/Mark4.3/data/train/construction_train_aug_417.wav,construction
/mnt/c/workspace/journal/codes/Mark4.3/data/train/construction_train_aug_418.wav,construction
/mnt/c/workspace/journal/codes/Mark4.3/data/train/construction_train_aug_419.wav,construction
/mnt/c/workspace/journal/codes/Mark4.3/data/train/construction_train_aug_420.wav,construction
/mnt/c/workspace/journal/codes/Mark4.3/data/train/construction_train_aug_421.wav,construction
/mnt/c/workspace/journal/codes/Mark4.3/data/train/construction_train_aug_422.wav,construction
/mnt/c/workspace/journal/codes/Mark4.3/data/train/construction_train_aug_423.wav,construction
/mnt/c/workspace/journal/codes/Mark4.3/data/train/construction_train_aug_424.wav,construction
/mnt/c/workspace/journal/codes/Mark4.3/data/train/construction_train_aug_425.wav,construction
/mnt/c/workspace/journal/codes/Mark4.3/data/train/construction_train_aug_426.wav,construction
/mnt/c/workspace/journal/codes/Mark4.3/data/train/construction_train_aug_427.wav,construction
/mnt/c/workspace/journal/codes/Mark4.3/data/train/construction_train_aug_428.wav,construction
/mnt/c/workspace/journal/codes/Mark4.3/data/train/construction_train_aug_429.wav,construction
/mnt/c/workspace/journal/codes/Mark4.3/data/train/construction_train_aug_430.wav,construction
/mnt/c/workspace/journal/codes/Mark4.3/data/train/construction_train_aug_431.wav,construction
/mnt/c/workspace/journal/codes/Mark4.3/data/train/construction_train_aug_432.wav,construction
/mnt/c/workspace/journal/codes/Mark4.3/data/train/construction_train_aug_433.wav,construction
/mnt/c/workspace/journal/codes/Mark4.3/data/train/construction_train_aug_434.wav,construction
/mnt/c/workspace/journal/codes/Mark4.3/data/train/construction_train_aug_435.wav,construction
/mnt/c/workspace/journal/codes/Mark4.3/data/train/construction_train_aug_436.wav,construction
/mnt/c/workspace/journal/codes/Mark4.3/data/train/construction_train_aug_437.wav,construction
/mnt/c/workspace/journal/codes/Mark4.3/data/train/construction_train_aug_438.wav,construction
/mnt/c/workspace/journal/codes/Mark4.3/data/train/construction_train_aug_439.wav,construction
/mnt/c/workspace/journal/codes/Mark4.3/data/train/construction_train_aug_440.wav,construction
/mnt/c/workspace/journal/codes/Mark4.3/data/train/construction_train_aug_441.wav,construction
/mnt/c/workspace/journal/codes/Mark4.3/data/train/construction_train_aug_442.wav,construction
/mnt/c/workspace/journal/codes/Mark4.3/data/train/construction_train_aug_443.wav,construction
/mnt/c/workspace/journal/codes/Mark4.3/data/train/construction_train_aug_444.wav,construction
/mnt/c/workspace/journal/codes/Mark4.3/data/train/construction_train_aug_445.wav,construction
/mnt/c/workspace/journal/codes/Mark4.3/data/train/construction_train_aug_446.wav,construction
/mnt/c/workspace/journal/codes/Mark4.3/data/train/construction_train_aug_447.wav,construction
/mnt/c/workspace/journal/codes/Mark4.3/data/train/construction_train_aug_448.wav,construction
/mnt/c/workspace/journal/codes/Mark4.3/data/train/construction_train_aug_449.wav,construction
/mnt/c/workspace/journal/codes/Mark4.3/data/train/construction_train_aug_450.wav,construction
/mnt/c/workspace/journal/codes/Mark4.3/data/train/construction_train_aug_451.wav,construction
/mnt/c/workspace/journal/codes/Mark4.3/data/train/construction_train_aug_452.wav,construction
/mnt/c/workspace/journal/codes/Mark4.3/data/train/construction_train_aug_453.wav,construction
/mnt/c/workspace/journal/codes/Mark4.3/data/train/construction_train_aug_454.wav,construction
/mnt/c/workspace/journal/codes/Mark4.3/data/train/construction_train_aug_455.wav,construction
/mnt/c/workspace/journal/codes/Mark4.3/data/train/construction_train_aug_456.wav,construction
/mnt/c/workspace/journal/codes/Mark4.3/data/train/construction_train_aug_457.wav,construction
/mnt/c/workspace/journal/codes/Mark4.3/data/train/construction_train_aug_458.wav,construction
/mnt/c/workspace/journal/codes/Mark4.3/data/train/construction_train_aug_459.wav,construction
/mnt/c/workspace/journal/codes/Mark4.3/data/train/construction_train_aug_460.wav,construction
/mnt/c/workspace/journal/codes/Mark4.3/data/train/construction_train_aug_461.wav,construction
/mnt/c/workspace/journal/codes/Mark4.3/data/train/construction_train_aug_462.wav,construction
/mnt/c/workspace/journal/codes/Mark4.3/data/train/construction_train_aug_463.wav,construction
/mnt/c/workspace/journal/codes/Mark4.3/data/train/construction_train_aug_464.wav,construction
/mnt/c/workspace/journal/codes/Mark4.3/data/train/construction_train_aug_465.wav,construction
/mnt/c/workspace/journal/codes/Mark4.3/data/train/construction_train_aug_466.wav,construction
/mnt/c/workspace/journal/codes/Mark4.3/data/train/construction_train_aug_467.wav,construction
/mnt/c/workspace/journal/codes/Mark4.3/data/train/construction_train_aug_468.wav,construction
/mnt/c/workspace/journal/codes/Mark4.3/data/train/construction_train_aug_469.wav,construction
/mnt/c/workspace/journal/codes/Mark4.3/data/train/construction_train_aug_470.wav,construction
/mnt/c/workspace/journal/codes/Mark4.3/data/train/construction_train_aug_471.wav,construction
/mnt/c/workspace/journal/codes/Mark4.3/data/train/construction_train_aug_472.wav,construction
/mnt/c/workspace/journal/codes/Mark4.3/data/train/construction_train_aug_473.wav,construction
/mnt/c/workspace/journal/codes/Mark4.3/data/train/construction_train_aug_474.wav,construction
/mnt/c/workspace/journal/codes/Mark4.3/data/train/construction_train_aug_475.wav,construction
/mnt/c/workspace/journal/codes/Mark4.3/data/train/construction_train_aug_476.wav,construction
/mnt/c/workspace/journal/codes/Mark4.3/data/train/construction_train_aug_477.wav,construction
/mnt/c/workspace/journal/codes/Mark4.3/data/train/construction_train_aug_478.wav,construction
/mnt/c/workspace/journal/codes/Mark4.3/data/train/construction_train_aug_479.wav,construction
/mnt/c/workspace/journal/codes/Mark4.3/data/train/construction_train_aug_480.wav,construction
/mnt/c/workspace/journal/codes/Mark4.3/data/train/construction_train_aug_481.wav,construction
/mnt/c/workspace/journal/codes/Mark4.3/data/train/construction_train_aug_482.wav,construction
/mnt/c/workspace/journal/codes/Mark4.3/data/train/construction_train_aug_483.wav,construction
/mnt/c/workspace/journal/codes/Mark4.3/data/train/construction_train_aug_484.wav,construction
/mnt/c/workspace/journal/codes/Mark4.3/data/train/construction_train_aug_485.wav,construction
/mnt/c/workspace/journal/codes/Mark4.3/data/train/construction_train_aug_486.wav,construction
/mnt/c/workspace/journal/codes/Mark4.3/data/train/construction_train_aug_487.wav,construction
/mnt/c/workspace/journal/codes/Mark4.3/data/train/construction_train_aug_488.wav,construction
/mnt/c/workspace/journal/codes/Mark4.3/data/train/construction_train_aug_489.wav,construction
/mnt/c/workspace/journal/codes/Mark4.3/data/train/construction_train_aug_490.wav,construction
/mnt/c/workspace/journal/codes/Mark4.3/data/train/construction_train_aug_491.wav,construction
/mnt/c/workspace/journal/codes/Mark4.3/data/train/construction_train_aug_492.wav,construction
/mnt/c/workspace/journal/codes/Mark4.3/data/train/construction_train_aug_493.wav,construction
/mnt/c/workspace/journal/codes/Mark4.3/data/train/construction_train_aug_494.wav,construction
/mnt/c/workspace/journal/codes/Mark4.3/data/train/construction_train_aug_495.wav,construction
/mnt/c/workspace/journal/codes/Mark4.3/data/train/construction_train_aug_496.wav,construction
/mnt/c/workspace/journal/codes/Mark4.3/data/train/construction_train_aug_497.wav,construction
/mnt/c/workspace/journal/codes/Mark4.3/data/train/construction_train_aug_498.wav,construction
/mnt/c/workspace/journal/codes/Mark4.3/data/train/construction_train_aug_499.wav,construction
/mnt/c/workspace/journal/codes/Mark4.3/data/train/construction_train_aug_500.wav,construction
/mnt/c/workspace/journal/codes/Mark4.3/data/train/others_train_001.wav,others
/mnt/c/workspace/journal/codes/Mark4.3/data/train/others_train_002.wav,others
/mnt/c/workspace/journal/codes/Mark4.3/data/train/others_train_003.wav,others
/mnt/c/workspace/journal/codes/Mark4.3/data/train/others_train_004.wav,others
/mnt/c/workspace/journal/codes/Mark4.3/data/train/others_train_005.wav,others
/mnt/c/workspace/journal/codes/Mark4.3/data/train/others_train_006.wav,others
/mnt/c/workspace/journal/codes/Mark4.3/data/train/others_train_007.wav,others
/mnt/c/workspace/journal/codes/Mark4.3/data/train/others_train_008.wav,others
/mnt/c/workspace/journal/codes/Mark4.3/data/train/others_train_009.wav,others
/mnt/c/workspace/journal/codes/Mark4.3/data/train/others_train_010.wav,others
/mnt/c/workspace/journal/codes/Mark4.3/data/train/others_train_011.wav,others
/mnt/c/workspace/journal/codes/Mark4.3/data/train/others_train_012.wav,others
/mnt/c/workspace/journal/codes/Mark4.3/data/train/others_train_013.wav,others
/mnt/c/workspace/journal/codes/Mark4.3/data/train/others_train_014.wav,others
/mnt/c/workspace/journal/codes/Mark4.3/data/train/others_train_015.wav,others
/mnt/c/workspace/journal/codes/Mark4.3/data/train/others_train_016.wav,others
/mnt/c/workspace/journal/codes/Mark4.3/data/train/others_train_017.wav,others
/mnt/c/workspace/journal/codes/Mark4.3/data/train/others_train_018.wav,others
/mnt/c/workspace/journal/codes/Mark4.3/data/train/others_train_019.wav,others
/mnt/c/workspace/journal/codes/Mark4.3/data/train/others_train_020.wav,others
/mnt/c/workspace/journal/codes/Mark4.3/data/train/others_train_021.wav,others
/mnt/c/workspace/journal/codes/Mark4.3/data/train/others_train_022.wav,others
/mnt/c/workspace/journal/codes/Mark4.3/data/train/others_train_023.wav,others
/mnt/c/workspace/journal/codes/Mark4.3/data/train/others_train_024.wav,others
/mnt/c/workspace/journal/codes/Mark4.3/data/train/others_train_025.wav,others
/mnt/c/workspace/journal/codes/Mark4.3/data/train/others_train_026.wav,others
/mnt/c/workspace/journal/codes/Mark4.3/data/train/others_train_027.wav,others
/mnt/c/workspace/journal/codes/Mark4.3/data/train/others_train_028.wav,others
/mnt/c/workspace/journal/codes/Mark4.3/data/train/others_train_029.wav,others
/mnt/c/workspace/journal/codes/Mark4.3/data/train/others_train_030.wav,others
/mnt/c/workspace/journal/codes/Mark4.3/data/train/others_train_031.wav,others
/mnt/c/workspace/journal/codes/Mark4.3/data/train/others_train_032.wav,others
/mnt/c/workspace/journal/codes/Mark4.3/data/train/others_train_033.wav,others
/mnt/c/workspace/journal/codes/Mark4.3/data/train/others_train_034.wav,others
/mnt/c/workspace/journal/codes/Mark4.3/data/train/others_train_035.wav,others
/mnt/c/workspace/journal/codes/Mark4.3/data/train/others_train_036.wav,others
/mnt/c/workspace/journal/codes/Mark4.3/data/train/others_train_037.wav,others
/mnt/c/workspace/journal/codes/Mark4.3/data/train/others_train_038.wav,others
/mnt/c/workspace/journal/codes/Mark4.3/data/train/others_train_039.wav,others
/mnt/c/workspace/journal/codes/Mark4.3/data/train/others_train_040.wav,others
/mnt/c/workspace/journal/codes/Mark4.3/data/train/others_train_041.wav,others
/mnt/c/workspace/journal/codes/Mark4.3/data/train/others_train_042.wav,others
/mnt/c/workspace/journal/codes/Mark4.3/data/train/others_train_043.wav,others
/mnt/c/workspace/journal/codes/Mark4.3/data/train/others_train_044.wav,others
/mnt/c/workspace/journal/codes/Mark4.3/data/train/others_train_045.wav,others
/mnt/c/workspace/journal/codes/Mark4.3/data/train/others_train_046.wav,others
/mnt/c/workspace/journal/codes/Mark4.3/data/train/others_train_047.wav,others
/mnt/c/workspace/journal/codes/Mark4.3/data/train/others_train_048.wav,others
/mnt/c/workspace/journal/codes/Mark4.3/data/train/others_train_049.wav,others
/mnt/c/workspace/journal/codes/Mark4.3/data/train/others_train_050.wav,others
/mnt/c/workspace/journal/codes/Mark4.3/data/train/others_train_051.wav,others
/mnt/c/workspace/journal/codes/Mark4.3/data/train/others_train_052.wav,others
/mnt/c/workspace/journal/codes/Mark4.3/data/train/others_train_053.wav,others
/mnt/c/workspace/journal/codes/Mark4.3/data/train/others_train_054.wav,others
/mnt/c/workspace/journal/codes/Mark4.3/data/train/others_train_055.wav,others
/mnt/c/workspace/journal/codes/Mark4.3/data/train/others_train_056.wav,others
/mnt/c/workspace/journal/codes/Mark4.3/data/train/others_train_057.wav,others
/mnt/c/workspace/journal/codes/Mark4.3/data/train/others_train_058.wav,others
/mnt/c/workspace/journal/codes/Mark4.3/data/train/others_train_059.wav,others
/mnt/c/workspace/journal/codes/Mark4.3/data/train/others_train_060.wav,others
/mnt/c/workspace/journal/codes/Mark4.3/data/train/others_train_061.wav,others
/mnt/c/workspace/journal/codes/Mark4.3/data/train/others_train_062.wav,others
/mnt/c/workspace/journal/codes/Mark4.3/data/train/others_train_063.wav,others
/mnt/c/workspace/journal/codes/Mark4.3/data/train/others_train_064.wav,others
/mnt/c/workspace/journal/codes/Mark4.3/data/train/others_train_065.wav,others
/mnt/c/workspace/journal/codes/Mark4.3/data/train/others_train_066.wav,others
/mnt/c/workspace/journal/codes/Mark4.3/data/train/others_train_067.wav,others
/mnt/c/workspace/journal/codes/Mark4.3/data/train/others_train_068.wav,others
/mnt/c/workspace/journal/codes/Mark4.3/data/train/others_train_069.wav,others
/mnt/c/workspace/journal/codes/Mark4.3/data/train/others_train_070.wav,others
/mnt/c/workspace/journal/codes/Mark4.3/data/train/others_train_071.wav,others
/mnt/c/workspace/journal/codes/Mark4.3/data/train/others_train_072.wav,others
/mnt/c/workspace/journal/codes/Mark4.3/data/train/others_train_073.wav,others
/mnt/c/workspace/journal/codes/Mark4.3/data/train/others_train_074.wav,others
/mnt/c/workspace/journal/codes/Mark4.3/data/train/others_train_075.wav,others
/mnt/c/workspace/journal/codes/Mark4.3/data/train/others_train_076.wav,others
/mnt/c/workspace/journal/codes/Mark4.3/data/train/others_train_077.wav,others
/mnt/c/workspace/journal/codes/Mark4.3/data/train/others_train_078.wav,others
/mnt/c/workspace/journal/codes/Mark4.3/data/train/others_train_079.wav,others
/mnt/c/workspace/journal/codes/Mark4.3/data/train/others_train_080.wav,others
/mnt/c/workspace/journal/codes/Mark4.3/data/train/others_train_081.wav,others
/mnt/c/workspace/journal/codes/Mark4.3/data/train/others_train_082.wav,others
/mnt/c/workspace/journal/codes/Mark4.3/data/train/others_train_083.wav,others
/mnt/c/workspace/journal/codes/Mark4.3/data/train/others_train_084.wav,others
/mnt/c/workspace/journal/codes/Mark4.3/data/train/others_train_085.wav,others
/mnt/c/workspace/journal/codes/Mark4.3/data/train/others_train_086.wav,others
/mnt/c/workspace/journal/codes/Mark4.3/data/train/others_train_087.wav,others
/mnt/c/workspace/journal/codes/Mark4.3/data/train/others_train_088.wav,others
/mnt/c/workspace/journal/codes/Mark4.3/data/train/others_train_089.wav,others
/mnt/c/workspace/journal/codes/Mark4.3/data/train/others_train_090.wav,others
/mnt/c/workspace/journal/codes/Mark4.3/data/train/others_train_091.wav,others
/mnt/c/workspace/journal/codes/Mark4.3/data/train/others_train_092.wav,others
/mnt/c/workspace/journal/codes/Mark4.3/data/train/others_train_093.wav,others
/mnt/c/workspace/journal/codes/Mark4.3/data/train/others_train_094.wav,others
/mnt/c/workspace/journal/codes/Mark4.3/data/train/others_train_095.wav,others
/mnt/c/workspace/journal/codes/Mark4.3/data/train/others_train_096.wav,others
/mnt/c/workspace/journal/codes/Mark4.3/data/train/others_train_097.wav,others
/mnt/c/workspace/journal/codes/Mark4.3/data/train/others_train_098.wav,others
/mnt/c/workspace/journal/codes/Mark4.3/data/train/others_train_099.wav,others
/mnt/c/workspace/journal/codes/Mark4.3/data/train/others_train_100.wav,others
/mnt/c/workspace/journal/codes/Mark4.3/data/train/others_train_101.wav,others
/mnt/c/workspace/journal/codes/Mark4.3/data/train/others_train_102.wav,others
/mnt/c/workspace/journal/codes/Mark4.3/data/train/others_train_103.wav,others
/mnt/c/workspace/journal/codes/Mark4.3/data/train/others_train_104.wav,others
/mnt/c/workspace/journal/codes/Mark4.3/data/train/others_train_105.wav,others
/mnt/c/workspace/journal/codes/Mark4.3/data/train/others_train_106.wav,others
/mnt/c/workspace/journal/codes/Mark4.3/data/train/others_train_107.wav,others
/mnt/c/workspace/journal/codes/Mark4.3/data/train/others_train_108.wav,others
/mnt/c/workspace/journal/codes/Mark4.3/data/train/others_train_109.wav,others
/mnt/c/workspace/journal/codes/Mark4.3/data/train/others_train_110.wav,others
/mnt/c/workspace/journal/codes/Mark4.3/data/train/others_train_111.wav,others
/mnt/c/workspace/journal/codes/Mark4.3/data/train/others_train_112.wav,others
/mnt/c/workspace/journal/codes/Mark4.3/data/train/others_train_113.wav,others
/mnt/c/workspace/journal/codes/Mark4.3/data/train/others_train_114.wav,others
/mnt/c/workspace/journal/codes/Mark4.3/data/train/others_train_115.wav,others
/mnt/c/workspace/journal/codes/Mark4.3/data/train/others_train_116.wav,others
/mnt/c/workspace/journal/codes/Mark4.3/data/train/others_train_117.wav,others
/mnt/c/workspace/journal/codes/Mark4.3/data/train/others_train_118.wav,others
/mnt/c/workspace/journal/codes/Mark4.3/data/train/others_train_119.wav,others
/mnt/c/workspace/journal/codes/Mark4.3/data/train/others_train_120.wav,others
/mnt/c/workspace/journal/codes/Mark4.3/data/train/others_train_121.wav,others
/mnt/c/workspace/journal/codes/Mark4.3/data/train/others_train_122.wav,others
/mnt/c/workspace/journal/codes/Mark4.3/data/train/others_train_123.wav,others
/mnt/c/workspace/journal/codes/Mark4.3/data/train/others_train_124.wav,others
/mnt/c/workspace/journal/codes/Mark4.3/data/train/others_train_125.wav,others
/mnt/c/workspace/journal/codes/Mark4.3/data/train/others_train_126.wav,others
/mnt/c/workspace/journal/codes/Mark4.3/data/train/others_train_127.wav,others
/mnt/c/workspace/journal/codes/Mark4.3/data/train/others_train_128.wav,others
/mnt/c/workspace/journal/codes/Mark4.3/data/train/others_train_129.wav,others
/mnt/c/workspace/journal/codes/Mark4.3/data/train/others_train_130.wav,others
/mnt/c/workspace/journal/codes/Mark4.3/data/train/others_train_131.wav,others
/mnt/c/workspace/journal/codes/Mark4.3/data/train/others_train_132.wav,others
/mnt/c/workspace/journal/codes/Mark4.3/data/train/others_train_133.wav,others
/mnt/c/workspace/journal/codes/Mark4.3/data/train/others_train_134.wav,others
/mnt/c/workspace/journal/codes/Mark4.3/data/train/others_train_135.wav,others
/mnt/c/workspace/journal/codes/Mark4.3/data/train/others_train_136.wav,others
/mnt/c/workspace/journal/codes/Mark4.3/data/train/others_train_137.wav,others
/mnt/c/workspace/journal/codes/Mark4.3/data/train/others_train_138.wav,others
/mnt/c/workspace/journal/codes/Mark4.3/data/train/others_train_139.wav,others
/mnt/c/workspace/journal/codes/Mark4.3/data/train/others_train_140.wav,others
/mnt/c/workspace/journal/codes/Mark4.3/data/train/others_train_141.wav,others
/mnt/c/workspace/journal/codes/Mark4.3/data/train/others_train_142.wav,others
/mnt/c/workspace/journal/codes/Mark4.3/data/train/others_train_143.wav,others
/mnt/c/workspace/journal/codes/Mark4.3/data/train/others_train_144.wav,others
/mnt/c/workspace/journal/codes/Mark4.3/data/train/others_train_145.wav,others
/mnt/c/workspace/journal/codes/Mark4.3/data/train/others_train_146.wav,others
/mnt/c/workspace/journal/codes/Mark4.3/data/train/others_train_147.wav,others
/mnt/c/workspace/journal/codes/Mark4.3/data/train/others_train_148.wav,others
/mnt/c/workspace/journal/codes/Mark4.3/data/train/others_train_149.wav,others
/mnt/c/workspace/journal/codes/Mark4.3/data/train/others_train_150.wav,others
/mnt/c/workspace/journal/codes/Mark4.3/data/train/others_train_151.wav,others
/mnt/c/workspace/journal/codes/Mark4.3/data/train/others_train_152.wav,others
/mnt/c/workspace/journal/codes/Mark4.3/data/train/others_train_153.wav,others
/mnt/c/workspace/journal/codes/Mark4.3/data/train/others_train_154.wav,others
/mnt/c/workspace/journal/codes/Mark4.3/data/train/others_train_155.wav,others
/mnt/c/workspace/journal/codes/Mark4.3/data/train/others_train_156.wav,others
/mnt/c/workspace/journal/codes/Mark4.3/data/train/others_train_157.wav,others
/mnt/c/workspace/journal/codes/Mark4.3/data/train/others_train_158.wav,others
/mnt/c/workspace/journal/codes/Mark4.3/data/train/others_train_159.wav,others
/mnt/c/workspace/journal/codes/Mark4.3/data/train/others_train_160.wav,others
/mnt/c/workspace/journal/codes/Mark4.3/data/train/others_train_161.wav,others
/mnt/c/workspace/journal/codes/Mark4.3/data/train/others_train_162.wav,others
/mnt/c/workspace/journal/codes/Mark4.3/data/train/others_train_163.wav,others
/mnt/c/workspace/journal/codes/Mark4.3/data/train/others_train_164.wav,others
/mnt/c/workspace/journal/codes/Mark4.3/data/train/others_train_165.wav,others
/mnt/c/workspace/journal/codes/Mark4.3/data/train/others_train_166.wav,others
/mnt/c/workspace/journal/codes/Mark4.3/data/train/others_train_167.wav,others
/mnt/c/workspace/journal/codes/Mark4.3/data/train/others_train_168.wav,others
/mnt/c/workspace/journal/codes/Mark4.3/data/train/others_train_169.wav,others
/mnt/c/workspace/journal/codes/Mark4.3/data/train/others_train_170.wav,others
/mnt/c/workspace/journal/codes/Mark4.3/data/train/others_train_171.wav,others
/mnt/c/workspace/journal/codes/Mark4.3/data/train/others_train_172.wav,others
/mnt/c/workspace/journal/codes/Mark4.3/data/train/others_train_173.wav,others
/mnt/c/workspace/journal/codes/Mark4.3/data/train/others_train_174.wav,others
/mnt/c/workspace/journal/codes/Mark4.3/data/train/others_train_175.wav,others
/mnt/c/workspace/journal/codes/Mark4.3/data/train/others_train_176.wav,others
/mnt/c/workspace/journal/codes/Mark4.3/data/train/others_train_177.wav,others
/mnt/c/workspace/journal/codes/Mark4.3/data/train/others_train_178.wav,others
/mnt/c/workspace/journal/codes/Mark4.3/data/train/others_train_179.wav,others
/mnt/c/workspace/journal/codes/Mark4.3/data/train/others_train_180.wav,others
/mnt/c/workspace/journal/codes/Mark4.3/data/train/others_train_181.wav,others
/mnt/c/workspace/journal/codes/Mark4.3/data/train/others_train_182.wav,others
/mnt/c/workspace/journal/codes/Mark4.3/data/train/others_train_183.wav,others
/mnt/c/workspace/journal/codes/Mark4.3/data/train/others_train_184.wav,others
/mnt/c/workspace/journal/codes/Mark4.3/data/train/others_train_185.wav,others
/mnt/c/workspace/journal/codes/Mark4.3/data/train/others_train_186.wav,others
/mnt/c/workspace/journal/codes/Mark4.3/data/train/others_train_187.wav,others
/mnt/c/workspace/journal/codes/Mark4.3/data/train/others_train_188.wav,others
/mnt/c/workspace/journal/codes/Mark4.3/data/train/others_train_189.wav,others
/mnt/c/workspace/journal/codes/Mark4.3/data/train/others_train_190.wav,others
/mnt/c/workspace/journal/codes/Mark4.3/data/train/others_train_191.wav,others
/mnt/c/workspace/journal/codes/Mark4.3/data/train/others_train_192.wav,others
/mnt/c/workspace/journal/codes/Mark4.3/data/train/others_train_193.wav,others
/mnt/c/workspace/journal/codes/Mark4.3/data/train/others_train_194.wav,others
/mnt/c/workspace/journal/codes/Mark4.3/data/train/others_train_195.wav,others
/mnt/c/workspace/journal/codes/Mark4.3/data/train/others_train_196.wav,others
/mnt/c/workspace/journal/codes/Mark4.3/data/train/others_train_197.wav,others
/mnt/c/workspace/journal/codes/Mark4.3/data/train/others_train_198.wav,others
/mnt/c/workspace/journal/codes/Mark4.3/data/train/others_train_199.wav,others
/mnt/c/workspace/journal/codes/Mark4.3/data/train/others_train_200.wav,others
/mnt/c/workspace/journal/codes/Mark4.3/data/train/others_train_201.wav,others
/mnt/c/workspace/journal/codes/Mark4.3/data/train/others_train_202.wav,others
/mnt/c/workspace/journal/codes/Mark4.3/data/train/others_train_203.wav,others
/mnt/c/workspace/journal/codes/Mark4.3/data/train/others_train_204.wav,others
/mnt/c/workspace/journal/codes/Mark4.3/data/train/others_train_205.wav,others
/mnt/c/workspace/journal/codes/Mark4.3/data/train/others_train_206.wav,others
/mnt/c/workspace/journal/codes/Mark4.3/data/train/others_train_207.wav,others
/mnt/c/workspace/journal/codes/Mark4.3/data/train/others_train_208.wav,others
/mnt/c/workspace/journal/codes/Mark4.3/data/train/others_train_209.wav,others
/mnt/c/workspace/journal/codes/Mark4.3/data/train/others_train_210.wav,others
/mnt/c/workspace/journal/codes/Mark4.3/data/train/others_train_211.wav,others
/mnt/c/workspace/journal/codes/Mark4.3/data/train/others_train_212.wav,others
/mnt/c/workspace/journal/codes/Mark4.3/data/train/others_train_213.wav,others
/mnt/c/workspace/journal/codes/Mark4.3/data/train/others_train_214.wav,others
/mnt/c/workspace/journal/codes/Mark4.3/data/train/others_train_215.wav,others
/mnt/c/workspace/journal/codes/Mark4.3/data/train/others_train_216.wav,others
/mnt/c/workspace/journal/codes/Mark4.3/data/train/others_train_217.wav,others
/mnt/c/workspace/journal/codes/Mark4.3/data/train/others_train_218.wav,others
/mnt/c/workspace/journal/codes/Mark4.3/data/train/others_train_219.wav,others
/mnt/c/workspace/journal/codes/Mark4.3/data/train/others_train_220.wav,others
/mnt/c/workspace/journal/codes/Mark4.3/data/train/others_train_221.wav,others
/mnt/c/workspace/journal/codes/Mark4.3/data/train/others_train_222.wav,others
/mnt/c/workspace/journal/codes/Mark4.3/data/train/others_train_223.wav,others
/mnt/c/workspace/journal/codes/Mark4.3/data/train/others_train_224.wav,others
/mnt/c/workspace/journal/codes/Mark4.3/data/train/others_train_225.wav,others
/mnt/c/workspace/journal/codes/Mark4.3/data/train/others_train_226.wav,others
/mnt/c/workspace/journal/codes/Mark4.3/data/train/others_train_227.wav,others
/mnt/c/workspace/journal/codes/Mark4.3/data/train/others_train_228.wav,others
/mnt/c/workspace/journal/codes/Mark4.3/data/train/others_train_229.wav,others
/mnt/c/workspace/journal/codes/Mark4.3/data/train/others_train_230.wav,others
/mnt/c/workspace/journal/codes/Mark4.3/data/train/others_train_231.wav,others
/mnt/c/workspace/journal/codes/Mark4.3/data/train/others_train_232.wav,others
/mnt/c/workspace/journal/codes/Mark4.3/data/train/others_train_233.wav,others
/mnt/c/workspace/journal/codes/Mark4.3/data/train/others_train_234.wav,others
/mnt/c/workspace/journal/codes/Mark4.3/data/train/others_train_235.wav,others
/mnt/c/workspace/journal/codes/Mark4.3/data/train/others_train_236.wav,others
/mnt/c/workspace/journal/codes/Mark4.3/data/train/others_train_237.wav,others
/mnt/c/workspace/journal/codes/Mark4.3/data/train/others_train_238.wav,others
/mnt/c/workspace/journal/codes/Mark4.3/data/train/others_train_239.wav,others
/mnt/c/workspace/journal/codes/Mark4.3/data/train/others_train_240.wav,others
/mnt/c/workspace/journal/codes/Mark4.3/data/train/others_train_241.wav,others
/mnt/c/workspace/journal/codes/Mark4.3/data/train/others_train_242.wav,others
/mnt/c/workspace/journal/codes/Mark4.3/data/train/others_train_243.wav,others
/mnt/c/workspace/journal/codes/Mark4.3/data/train/others_train_244.wav,others
/mnt/c/workspace/journal/codes/Mark4.3/data/train/others_train_245.wav,others
/mnt/c/workspace/journal/codes/Mark4.3/data/train/others_train_246.wav,others
/mnt/c/workspace/journal/codes/Mark4.3/data/train/others_train_247.wav,others
/mnt/c/workspace/journal/codes/Mark4.3/data/train/others_train_248.wav,others
/mnt/c/workspace/journal/codes/Mark4.3/data/train/others_train_249.wav,others
/mnt/c/workspace/journal/codes/Mark4.3/data/train/others_train_250.wav,others
/mnt/c/workspace/journal/codes/Mark4.3/data/train/others_train_251.wav,others
/mnt/c/workspace/journal/codes/Mark4.3/data/train/others_train_252.wav,others
/mnt/c/workspace/journal/codes/Mark4.3/data/train/others_train_253.wav,others
/mnt/c/workspace/journal/codes/Mark4.3/data/train/others_train_254.wav,others
/mnt/c/workspace/journal/codes/Mark4.3/data/train/others_train_255.wav,others
/mnt/c/workspace/journal/codes/Mark4.3/data/train/others_train_256.wav,others
/mnt/c/workspace/journal/codes/Mark4.3/data/train/others_train_257.wav,others
/mnt/c/workspace/journal/codes/Mark4.3/data/train/others_train_258.wav,others
/mnt/c/workspace/journal/codes/Mark4.3/data/train/others_train_259.wav,others
/mnt/c/workspace/journal/codes/Mark4.3/data/train/others_train_260.wav,others
/mnt/c/workspace/journal/codes/Mark4.3/data/train/others_train_261.wav,others
/mnt/c/workspace/journal/codes/Mark4.3/data/train/others_train_262.wav,others
/mnt/c/workspace/journal/codes/Mark4.3/data/train/others_train_263.wav,others
/mnt/c/workspace/journal/codes/Mark4.3/data/train/others_train_264.wav,others
/mnt/c/workspace/journal/codes/Mark4.3/data/train/others_train_265.wav,others
/mnt/c/workspace/journal/codes/Mark4.3/data/train/others_train_266.wav,others
/mnt/c/workspace/journal/codes/Mark4.3/data/train/others_train_267.wav,others
/mnt/c/workspace/journal/codes/Mark4.3/data/train/others_train_268.wav,others
/mnt/c/workspace/journal/codes/Mark4.3/data/train/others_train_269.wav,others
/mnt/c/workspace/journal/codes/Mark4.3/data/train/others_train_270.wav,others
/mnt/c/workspace/journal/codes/Mark4.3/data/train/others_train_271.wav,others
/mnt/c/workspace/journal/codes/Mark4.3/data/train/others_train_272.wav,others
/mnt/c/workspace/journal/codes/Mark4.3/data/train/others_train_273.wav,others
/mnt/c/workspace/journal/codes/Mark4.3/data/train/others_train_274.wav,others
/mnt/c/workspace/journal/codes/Mark4.3/data/train/others_train_275.wav,others
/mnt/c/workspace/journal/codes/Mark4.3/data/train/others_train_276.wav,others
/mnt/c/workspace/journal/codes/Mark4.3/data/train/others_train_277.wav,others
/mnt/c/workspace/journal/codes/Mark4.3/data/train/others_train_278.wav,others
/mnt/c/workspace/journal/codes/Mark4.3/data/train/others_train_279.wav,others
/mnt/c/workspace/journal/codes/Mark4.3/data/train/others_train_280.wav,others
/mnt/c/workspace/journal/codes/Mark4.3/data/train/others_train_281.wav,others
/mnt/c/workspace/journal/codes/Mark4.3/data/train/others_train_282.wav,others
/mnt/c/workspace/journal/codes/Mark4.3/data/train/others_train_283.wav,others
/mnt/c/workspace/journal/codes/Mark4.3/data/train/others_train_284.wav,others
/mnt/c/workspace/journal/codes/Mark4.3/data/train/others_train_285.wav,others
/mnt/c/workspace/journal/codes/Mark4.3/data/train/others_train_286.wav,others
/mnt/c/workspace/journal/codes/Mark4.3/data/train/others_train_287.wav,others
/mnt/c/workspace/journal/codes/Mark4.3/data/train/others_train_288.wav,others
/mnt/c/workspace/journal/codes/Mark4.3/data/train/others_train_289.wav,others
/mnt/c/workspace/journal/codes/Mark4.3/data/train/others_train_290.wav,others
/mnt/c/workspace/journal/codes/Mark4.3/data/train/others_train_291.wav,others
/mnt/c/workspace/journal/codes/Mark4.3/data/train/others_train_292.wav,others
/mnt/c/workspace/journal/codes/Mark4.3/data/train/others_train_293.wav,others
/mnt/c/workspace/journal/codes/Mark4.3/data/train/others_train_294.wav,others
/mnt/c/workspace/journal/codes/Mark4.3/data/train/others_train_295.wav,others
/mnt/c/workspace/journal/codes/Mark4.3/data/train/others_train_296.wav,others
/mnt/c/workspace/journal/codes/Mark4.3/data/train/others_train_297.wav,others
/mnt/c/workspace/journal/codes/Mark4.3/data/train/others_train_298.wav,others
/mnt/c/workspace/journal/codes/Mark4.3/data/train/others_train_299.wav,others
/mnt/c/workspace/journal/codes/Mark4.3/data/train/others_train_300.wav,others
/mnt/c/workspace/journal/codes/Mark4.3/data/train/others_train_301.wav,others
/mnt/c/workspace/journal/codes/Mark4.3/data/train/others_train_302.wav,others
/mnt/c/workspace/journal/codes/Mark4.3/data/train/others_train_303.wav,others
/mnt/c/workspace/journal/codes/Mark4.3/data/train/others_train_304.wav,others
/mnt/c/workspace/journal/codes/Mark4.3/data/train/others_train_305.wav,others
/mnt/c/workspace/journal/codes/Mark4.3/data/train/others_train_306.wav,others
/mnt/c/workspace/journal/codes/Mark4.3/data/train/others_train_307.wav,others
/mnt/c/workspace/journal/codes/Mark4.3/data/train/others_train_308.wav,others
/mnt/c/workspace/journal/codes/Mark4.3/data/train/others_train_309.wav,others
/mnt/c/workspace/journal/codes/Mark4.3/data/train/others_train_310.wav,others
/mnt/c/workspace/journal/codes/Mark4.3/data/train/others_train_311.wav,others
/mnt/c/workspace/journal/codes/Mark4.3/data/train/others_train_312.wav,others
/mnt/c/workspace/journal/codes/Mark4.3/data/train/others_train_313.wav,others
/mnt/c/workspace/journal/codes/Mark4.3/data/train/others_train_314.wav,others
/mnt/c/workspace/journal/codes/Mark4.3/data/train/others_train_315.wav,others
/mnt/c/workspace/journal/codes/Mark4.3/data/train/others_train_316.wav,others
/mnt/c/workspace/journal/codes/Mark4.3/data/train/others_train_317.wav,others
/mnt/c/workspace/journal/codes/Mark4.3/data/train/others_train_318.wav,others
/mnt/c/workspace/journal/codes/Mark4.3/data/train/others_train_319.wav,others
/mnt/c/workspace/journal/codes/Mark4.3/data/train/others_train_320.wav,others
/mnt/c/workspace/journal/codes/Mark4.3/data/train/others_train_321.wav,others
/mnt/c/workspace/journal/codes/Mark4.3/data/train/others_train_322.wav,others
/mnt/c/workspace/journal/codes/Mark4.3/data/train/others_train_323.wav,others
/mnt/c/workspace/journal/codes/Mark4.3/data/train/others_train_324.wav,others
/mnt/c/workspace/journal/codes/Mark4.3/data/train/others_train_325.wav,others
/mnt/c/workspace/journal/codes/Mark4.3/data/train/others_train_326.wav,others
/mnt/c/workspace/journal/codes/Mark4.3/data/train/others_train_327.wav,others
/mnt/c/workspace/journal/codes/Mark4.3/data/train/others_train_328.wav,others
/mnt/c/workspace/journal/codes/Mark4.3/data/train/others_train_329.wav,others
/mnt/c/workspace/journal/codes/Mark4.3/data/train/others_train_330.wav,others
/mnt/c/workspace/journal/codes/Mark4.3/data/train/others_train_331.wav,others
/mnt/c/workspace/journal/codes/Mark4.3/data/train/others_train_332.wav,others
/mnt/c/workspace/journal/codes/Mark4.3/data/train/others_train_333.wav,others
/mnt/c/workspace/journal/codes/Mark4.3/data/train/others_train_334.wav,others
/mnt/c/workspace/journal/codes/Mark4.3/data/train/others_train_335.wav,others
/mnt/c/workspace/journal/codes/Mark4.3/data/train/others_train_336.wav,others
/mnt/c/workspace/journal/codes/Mark4.3/data/train/others_train_337.wav,others
/mnt/c/workspace/journal/codes/Mark4.3/data/train/others_train_338.wav,others
/mnt/c/workspace/journal/codes/Mark4.3/data/train/others_train_339.wav,others
/mnt/c/workspace/journal/codes/Mark4.3/data/train/others_train_340.wav,others
/mnt/c/workspace/journal/codes/Mark4.3/data/train/others_train_341.wav,others
/mnt/c/workspace/journal/codes/Mark4.3/data/train/others_train_342.wav,others
/mnt/c/workspace/journal/codes/Mark4.3/data/train/others_train_343.wav,others
/mnt/c/workspace/journal/codes/Mark4.3/data/train/others_train_344.wav,others
/mnt/c/workspace/journal/codes/Mark4.3/data/train/others_train_345.wav,others
/mnt/c/workspace/journal/codes/Mark4.3/data/train/others_train_346.wav,others
/mnt/c/workspace/journal/codes/Mark4.3/data/train/others_train_347.wav,others
/mnt/c/workspace/journal/codes/Mark4.3/data/train/others_train_348.wav,others
/mnt/c/workspace/journal/codes/Mark4.3/data/train/others_train_349.wav,others
/mnt/c/workspace/journal/codes/Mark4.3/data/train/others_train_350.wav,others
/mnt/c/workspace/journal/codes/Mark4.3/data/train/others_train_351.wav,others
/mnt/c/workspace/journal/codes/Mark4.3/data/train/others_train_352.wav,others
/mnt/c/workspace/journal/codes/Mark4.3/data/train/others_train_353.wav,others
/mnt/c/workspace/journal/codes/Mark4.3/data/train/others_train_354.wav,others
/mnt/c/workspace/journal/codes/Mark4.3/data/train/others_train_355.wav,others
/mnt/c/workspace/journal/codes/Mark4.3/data/train/others_train_356.wav,others
/mnt/c/workspace/journal/codes/Mark4.3/data/train/others_train_357.wav,others
/mnt/c/workspace/journal/codes/Mark4.3/data/train/others_train_358.wav,others
/mnt/c/workspace/journal/codes/Mark4.3/data/train/others_train_359.wav,others
/mnt/c/workspace/journal/codes/Mark4.3/data/train/others_train_360.wav,others
/mnt/c/workspace/journal/codes/Mark4.3/data/train/others_train_361.wav,others
/mnt/c/workspace/journal/codes/Mark4.3/data/train/others_train_362.wav,others
/mnt/c/workspace/journal/codes/Mark4.3/data/train/others_train_363.wav,others
/mnt/c/workspace/journal/codes/Mark4.3/data/train/others_train_364.wav,others
/mnt/c/workspace/journal/codes/Mark4.3/data/train/others_train_365.wav,others
/mnt/c/workspace/journal/codes/Mark4.3/data/train/others_train_366.wav,others
/mnt/c/workspace/journal/codes/Mark4.3/data/train/others_train_367.wav,others
/mnt/c/workspace/journal/codes/Mark4.3/data/train/others_train_368.wav,others
/mnt/c/workspace/journal/codes/Mark4.3/data/train/others_train_369.wav,others
/mnt/c/workspace/journal/codes/Mark4.3/data/train/others_train_370.wav,others
/mnt/c/workspace/journal/codes/Mark4.3/data/train/others_train_371.wav,others
/mnt/c/workspace/journal/codes/Mark4.3/data/train/others_train_372.wav,others
/mnt/c/workspace/journal/codes/Mark4.3/data/train/others_train_373.wav,others
/mnt/c/workspace/journal/codes/Mark4.3/data/train/others_train_374.wav,others
/mnt/c/workspace/journal/codes/Mark4.3/data/train/others_train_375.wav,others
/mnt/c/workspace/journal/codes/Mark4.3/data/train/others_train_376.wav,others
/mnt/c/workspace/journal/codes/Mark4.3/data/train/others_train_377.wav,others
/mnt/c/workspace/journal/codes/Mark4.3/data/train/others_train_378.wav,others
/mnt/c/workspace/journal/codes/Mark4.3/data/train/others_train_379.wav,others
/mnt/c/workspace/journal/codes/Mark4.3/data/train/others_train_380.wav,others
/mnt/c/workspace/journal/codes/Mark4.3/data/train/others_train_381.wav,others
/mnt/c/workspace/journal/codes/Mark4.3/data/train/others_train_382.wav,others
/mnt/c/workspace/journal/codes/Mark4.3/data/train/others_train_383.wav,others
/mnt/c/workspace/journal/codes/Mark4.3/data/train/others_train_384.wav,others
/mnt/c/workspace/journal/codes/Mark4.3/data/train/others_train_385.wav,others
/mnt/c/workspace/journal/codes/Mark4.3/data/train/others_train_386.wav,others
/mnt/c/workspace/journal/codes/Mark4.3/data/train/others_train_387.wav,others
/mnt/c/workspace/journal/codes/Mark4.3/data/train/others_train_388.wav,others
/mnt/c/workspace/journal/codes/Mark4.3/data/train/others_train_389.wav,others
/mnt/c/workspace/journal/codes/Mark4.3/data/train/others_train_390.wav,others
/mnt/c/workspace/journal/codes/Mark4.3/data/train/others_train_391.wav,others
/mnt/c/workspace/journal/codes/Mark4.3/data/train/others_train_392.wav,others
/mnt/c/workspace/journal/codes/Mark4.3/data/train/others_train_393.wav,others
/mnt/c/workspace/journal/codes/Mark4.3/data/train/others_train_394.wav,others
/mnt/c/workspace/journal/codes/Mark4.3/data/train/others_train_395.wav,others
/mnt/c/workspace/journal/codes/Mark4.3/data/train/others_train_396.wav,others
/mnt/c/workspace/journal/codes/Mark4.3/data/train/others_train_397.wav,others
/mnt/c/workspace/journal/codes/Mark4.3/data/train/others_train_398.wav,others
/mnt/c/workspace/journal/codes/Mark4.3/data/train/others_train_399.wav,others
/mnt/c/workspace/journal/codes/Mark4.3/data/train/others_train_400.wav,others
/mnt/c/workspace/journal/codes/Mark4.3/data/train/others_train_401.wav,others
/mnt/c/workspace/journal/codes/Mark4.3/data/train/others_train_402.wav,others
/mnt/c/workspace/journal/codes/Mark4.3/data/train/others_train_403.wav,others
/mnt/c/workspace/journal/codes/Mark4.3/data/train/others_train_404.wav,others
/mnt/c/workspace/journal/codes/Mark4.3/data/train/others_train_405.wav,others
/mnt/c/workspace/journal/codes/Mark4.3/data/train/others_train_406.wav,others
/mnt/c/workspace/journal/codes/Mark4.3/data/train/others_train_407.wav,others
/mnt/c/workspace/journal/codes/Mark4.3/data/train/others_train_408.wav,others
/mnt/c/workspace/journal/codes/Mark4.3/data/train/others_train_409.wav,others
/mnt/c/workspace/journal/codes/Mark4.3/data/train/others_train_410.wav,others
/mnt/c/workspace/journal/codes/Mark4.3/data/train/others_train_411.wav,others
/mnt/c/workspace/journal/codes/Mark4.3/data/train/others_train_412.wav,others
/mnt/c/workspace/journal/codes/Mark4.3/data/train/others_train_413.wav,others
/mnt/c/workspace/journal/codes/Mark4.3/data/train/others_train_414.wav,others
/mnt/c/workspace/journal/codes/Mark4.3/data/train/others_train_415.wav,others
/mnt/c/workspace/journal/codes/Mark4.3/data/train/others_train_416.wav,others
/mnt/c/workspace/journal/codes/Mark4.3/data/train/others_train_417.wav,others
/mnt/c/workspace/journal/codes/Mark4.3/data/train/others_train_418.wav,others
/mnt/c/workspace/journal/codes/Mark4.3/data/train/others_train_419.wav,others
/mnt/c/workspace/journal/codes/Mark4.3/data/train/others_train_420.wav,others
/mnt/c/workspace/journal/codes/Mark4.3/data/train/others_train_421.wav,others
/mnt/c/workspace/journal/codes/Mark4.3/data/train/others_train_422.wav,others
/mnt/c/workspace/journal/codes/Mark4.3/data/train/others_train_423.wav,others
/mnt/c/workspace/journal/codes/Mark4.3/data/train/others_train_424.wav,others
/mnt/c/workspace/journal/codes/Mark4.3/data/train/others_train_425.wav,others
/mnt/c/workspace/journal/codes/Mark4.3/data/train/others_train_426.wav,others
/mnt/c/workspace/journal/codes/Mark4.3/data/train/others_train_427.wav,others
/mnt/c/workspace/journal/codes/Mark4.3/data/train/others_train_428.wav,others
/mnt/c/workspace/journal/codes/Mark4.3/data/train/others_train_429.wav,others
/mnt/c/workspace/journal/codes/Mark4.3/data/train/others_train_430.wav,others
/mnt/c/workspace/journal/codes/Mark4.3/data/train/others_train_431.wav,others
/mnt/c/workspace/journal/codes/Mark4.3/data/train/others_train_432.wav,others
/mnt/c/workspace/journal/codes/Mark4.3/data/train/others_train_433.wav,others
/mnt/c/workspace/journal/codes/Mark4.3/data/train/others_train_434.wav,others
/mnt/c/workspace/journal/codes/Mark4.3/data/train/others_train_435.wav,others
/mnt/c/workspace/journal/codes/Mark4.3/data/train/others_train_436.wav,others
/mnt/c/workspace/journal/codes/Mark4.3/data/train/others_train_437.wav,others
/mnt/c/workspace/journal/codes/Mark4.3/data/train/others_train_438.wav,others
/mnt/c/workspace/journal/codes/Mark4.3/data/train/others_train_439.wav,others
/mnt/c/workspace/journal/codes/Mark4.3/data/train/others_train_440.wav,others
/mnt/c/workspace/journal/codes/Mark4.3/data/train/others_train_441.wav,others
/mnt/c/workspace/journal/codes/Mark4.3/data/train/others_train_442.wav,others
/mnt/c/workspace/journal/codes/Mark4.3/data/train/others_train_443.wav,others
/mnt/c/workspace/journal/codes/Mark4.3/data/train/others_train_444.wav,others
/mnt/c/workspace/journal/codes/Mark4.3/data/train/others_train_445.wav,others
/mnt/c/workspace/journal/codes/Mark4.3/data/train/others_train_446.wav,others
/mnt/c/workspace/journal/codes/Mark4.3/data/train/others_train_447.wav,others
/mnt/c/workspace/journal/codes/Mark4.3/data/train/others_train_448.wav,others
/mnt/c/workspace/journal/codes/Mark4.3/data/train/others_train_449.wav,others
/mnt/c/workspace/journal/codes/Mark4.3/data/train/others_train_450.wav,others
/mnt/c/workspace/journal/codes/Mark4.3/data/train/others_train_451.wav,others
/mnt/c/workspace/journal/codes/Mark4.3/data/train/others_train_452.wav,others
/mnt/c/workspace/journal/codes/Mark4.3/data/train/others_train_453.wav,others
/mnt/c/workspace/journal/codes/Mark4.3/data/train/others_train_454.wav,others
/mnt/c/workspace/journal/codes/Mark4.3/data/train/others_train_455.wav,others
/mnt/c/workspace/journal/codes/Mark4.3/data/train/others_train_456.wav,others
/mnt/c/workspace/journal/codes/Mark4.3/data/train/others_train_457.wav,others
/mnt/c/workspace/journal/codes/Mark4.3/data/train/others_train_458.wav,others
/mnt/c/workspace/journal/codes/Mark4.3/data/train/others_train_459.wav,others
/mnt/c/workspace/journal/codes/Mark4.3/data/train/others_train_460.wav,others
/mnt/c/workspace/journal/codes/Mark4.3/data/train/others_train_461.wav,others
/mnt/c/workspace/journal/codes/Mark4.3/data/train/others_train_462.wav,others
/mnt/c/workspace/journal/codes/Mark4.3/data/train/others_train_463.wav,others
/mnt/c/workspace/journal/codes/Mark4.3/data/train/others_train_464.wav,others
/mnt/c/workspace/journal/codes/Mark4.3/data/train/others_train_465.wav,others
/mnt/c/workspace/journal/codes/Mark4.3/data/train/others_train_466.wav,others
/mnt/c/workspace/journal/codes/Mark4.3/data/train/others_train_467.wav,others
/mnt/c/workspace/journal/codes/Mark4.3/data/train/others_train_468.wav,others
/mnt/c/workspace/journal/codes/Mark4.3/data/train/others_train_469.wav,others
/mnt/c/workspace/journal/codes/Mark4.3/data/train/others_train_470.wav,others
/mnt/c/workspace/journal/codes/Mark4.3/data/train/others_train_471.wav,others
/mnt/c/workspace/journal/codes/Mark4.3/data/train/others_train_472.wav,others
/mnt/c/workspace/journal/codes/Mark4.3/data/train/others_train_473.wav,others
/mnt/c/workspace/journal/codes/Mark4.3/data/train/others_train_474.wav,others
/mnt/c/workspace/journal/codes/Mark4.3/data/train/others_train_475.wav,others
/mnt/c/workspace/journal/codes/Mark4.3/data/train/others_train_476.wav,others
/mnt/c/workspace/journal/codes/Mark4.3/data/train/others_train_477.wav,others
/mnt/c/workspace/journal/codes/Mark4.3/data/train/others_train_478.wav,others
/mnt/c/workspace/journal/codes/Mark4.3/data/train/others_train_479.wav,others
/mnt/c/workspace/journal/codes/Mark4.3/data/train/others_train_480.wav,others
/mnt/c/workspace/journal/codes/Mark4.3/data/train/others_train_481.wav,others
/mnt/c/workspace/journal/codes/Mark4.3/data/train/others_train_482.wav,others
/mnt/c/workspace/journal/codes/Mark4.3/data/train/others_train_483.wav,others
/mnt/c/workspace/journal/codes/Mark4.3/data/train/others_train_484.wav,others
/mnt/c/workspace/journal/codes/Mark4.3/data/train/others_train_485.wav,others
/mnt/c/workspace/journal/codes/Mark4.3/data/train/others_train_486.wav,others
/mnt/c/workspace/journal/codes/Mark4.3/data/train/others_train_487.wav,others
/mnt/c/workspace/journal/codes/Mark4.3/data/train/others_train_488.wav,others
/mnt/c/workspace/journal/codes/Mark4.3/data/train/others_train_489.wav,others
/mnt/c/workspace/journal/codes/Mark4.3/data/train/others_train_490.wav,others
/mnt/c/workspace/journal/codes/Mark4.3/data/train/others_train_491.wav,others
/mnt/c/workspace/journal/codes/Mark4.3/data/train/others_train_492.wav,others
/mnt/c/workspace/journal/codes/Mark4.3/data/train/others_train_493.wav,others
/mnt/c/workspace/journal/codes/Mark4.3/data/train/others_train_494.wav,others
/mnt/c/workspace/journal/codes/Mark4.3/data/train/others_train_495.wav,others
/mnt/c/workspace/journal/codes/Mark4.3/data/train/others_train_496.wav,others
/mnt/c/workspace/journal/codes/Mark4.3/data/train/others_train_497.wav,others
/mnt/c/workspace/journal/codes/Mark4.3/data/train/others_train_498.wav,others
/mnt/c/workspace/journal/codes/Mark4.3/data/train/others_train_499.wav,others
/mnt/c/workspace/journal/codes/Mark4.3/data/train/others_train_500.wav,others
/mnt/c/workspace/journal/codes/Mark4.3/data/train/others_train_aug_001.wav,others
/mnt/c/workspace/journal/codes/Mark4.3/data/train/others_train_aug_002.wav,others
/mnt/c/workspace/journal/codes/Mark4.3/data/train/others_train_aug_003.wav,others
/mnt/c/workspace/journal/codes/Mark4.3/data/train/others_train_aug_004.wav,others
/mnt/c/workspace/journal/codes/Mark4.3/data/train/others_train_aug_005.wav,others
/mnt/c/workspace/journal/codes/Mark4.3/data/train/others_train_aug_006.wav,others
/mnt/c/workspace/journal/codes/Mark4.3/data/train/others_train_aug_007.wav,others
/mnt/c/workspace/journal/codes/Mark4.3/data/train/others_train_aug_008.wav,others
/mnt/c/workspace/journal/codes/Mark4.3/data/train/others_train_aug_009.wav,others
/mnt/c/workspace/journal/codes/Mark4.3/data/train/others_train_aug_010.wav,others
/mnt/c/workspace/journal/codes/Mark4.3/data/train/others_train_aug_011.wav,others
/mnt/c/workspace/journal/codes/Mark4.3/data/train/others_train_aug_012.wav,others
/mnt/c/workspace/journal/codes/Mark4.3/data/train/others_train_aug_013.wav,others
/mnt/c/workspace/journal/codes/Mark4.3/data/train/others_train_aug_014.wav,others
/mnt/c/workspace/journal/codes/Mark4.3/data/train/others_train_aug_015.wav,others
/mnt/c/workspace/journal/codes/Mark4.3/data/train/others_train_aug_016.wav,others
/mnt/c/workspace/journal/codes/Mark4.3/data/train/others_train_aug_017.wav,others
/mnt/c/workspace/journal/codes/Mark4.3/data/train/others_train_aug_018.wav,others
/mnt/c/workspace/journal/codes/Mark4.3/data/train/others_train_aug_019.wav,others
/mnt/c/workspace/journal/codes/Mark4.3/data/train/others_train_aug_020.wav,others
/mnt/c/workspace/journal/codes/Mark4.3/data/train/others_train_aug_021.wav,others
/mnt/c/workspace/journal/codes/Mark4.3/data/train/others_train_aug_022.wav,others
/mnt/c/workspace/journal/codes/Mark4.3/data/train/others_train_aug_023.wav,others
/mnt/c/workspace/journal/codes/Mark4.3/data/train/others_train_aug_024.wav,others
/mnt/c/workspace/journal/codes/Mark4.3/data/train/others_train_aug_025.wav,others
/mnt/c/workspace/journal/codes/Mark4.3/data/train/others_train_aug_026.wav,others
/mnt/c/workspace/journal/codes/Mark4.3/data/train/others_train_aug_027.wav,others
/mnt/c/workspace/journal/codes/Mark4.3/data/train/others_train_aug_028.wav,others
/mnt/c/workspace/journal/codes/Mark4.3/data/train/others_train_aug_029.wav,others
/mnt/c/workspace/journal/codes/Mark4.3/data/train/others_train_aug_030.wav,others
/mnt/c/workspace/journal/codes/Mark4.3/data/train/others_train_aug_031.wav,others
/mnt/c/workspace/journal/codes/Mark4.3/data/train/others_train_aug_032.wav,others
/mnt/c/workspace/journal/codes/Mark4.3/data/train/others_train_aug_033.wav,others
/mnt/c/workspace/journal/codes/Mark4.3/data/train/others_train_aug_034.wav,others
/mnt/c/workspace/journal/codes/Mark4.3/data/train/others_train_aug_035.wav,others
/mnt/c/workspace/journal/codes/Mark4.3/data/train/others_train_aug_036.wav,others
/mnt/c/workspace/journal/codes/Mark4.3/data/train/others_train_aug_037.wav,others
/mnt/c/workspace/journal/codes/Mark4.3/data/train/others_train_aug_038.wav,others
/mnt/c/workspace/journal/codes/Mark4.3/data/train/others_train_aug_039.wav,others
/mnt/c/workspace/journal/codes/Mark4.3/data/train/others_train_aug_040.wav,others
/mnt/c/workspace/journal/codes/Mark4.3/data/train/others_train_aug_041.wav,others
/mnt/c/workspace/journal/codes/Mark4.3/data/train/others_train_aug_042.wav,others
/mnt/c/workspace/journal/codes/Mark4.3/data/train/others_train_aug_043.wav,others
/mnt/c/workspace/journal/codes/Mark4.3/data/train/others_train_aug_044.wav,others
/mnt/c/workspace/journal/codes/Mark4.3/data/train/others_train_aug_045.wav,others
/mnt/c/workspace/journal/codes/Mark4.3/data/train/others_train_aug_046.wav,others
/mnt/c/workspace/journal/codes/Mark4.3/data/train/others_train_aug_047.wav,others
/mnt/c/workspace/journal/codes/Mark4.3/data/train/others_train_aug_048.wav,others
/mnt/c/workspace/journal/codes/Mark4.3/data/train/others_train_aug_049.wav,others
/mnt/c/workspace/journal/codes/Mark4.3/data/train/others_train_aug_050.wav,others
/mnt/c/workspace/journal/codes/Mark4.3/data/train/others_train_aug_051.wav,others
/mnt/c/workspace/journal/codes/Mark4.3/data/train/others_train_aug_052.wav,others
/mnt/c/workspace/journal/codes/Mark4.3/data/train/others_train_aug_053.wav,others
/mnt/c/workspace/journal/codes/Mark4.3/data/train/others_train_aug_054.wav,others
/mnt/c/workspace/journal/codes/Mark4.3/data/train/others_train_aug_055.wav,others
/mnt/c/workspace/journal/codes/Mark4.3/data/train/others_train_aug_056.wav,others
/mnt/c/workspace/journal/codes/Mark4.3/data/train/others_train_aug_057.wav,others
/mnt/c/workspace/journal/codes/Mark4.3/data/train/others_train_aug_058.wav,others
/mnt/c/workspace/journal/codes/Mark4.3/data/train/others_train_aug_059.wav,others
/mnt/c/workspace/journal/codes/Mark4.3/data/train/others_train_aug_060.wav,others
/mnt/c/workspace/journal/codes/Mark4.3/data/train/others_train_aug_061.wav,others
/mnt/c/workspace/journal/codes/Mark4.3/data/train/others_train_aug_062.wav,others
/mnt/c/workspace/journal/codes/Mark4.3/data/train/others_train_aug_063.wav,others
/mnt/c/workspace/journal/codes/Mark4.3/data/train/others_train_aug_064.wav,others
/mnt/c/workspace/journal/codes/Mark4.3/data/train/others_train_aug_065.wav,others
/mnt/c/workspace/journal/codes/Mark4.3/data/train/others_train_aug_066.wav,others
/mnt/c/workspace/journal/codes/Mark4.3/data/train/others_train_aug_067.wav,others
/mnt/c/workspace/journal/codes/Mark4.3/data/train/others_train_aug_068.wav,others
/mnt/c/workspace/journal/codes/Mark4.3/data/train/others_train_aug_069.wav,others
/mnt/c/workspace/journal/codes/Mark4.3/data/train/others_train_aug_070.wav,others
/mnt/c/workspace/journal/codes/Mark4.3/data/train/others_train_aug_071.wav,others
/mnt/c/workspace/journal/codes/Mark4.3/data/train/others_train_aug_072.wav,others
/mnt/c/workspace/journal/codes/Mark4.3/data/train/others_train_aug_073.wav,others
/mnt/c/workspace/journal/codes/Mark4.3/data/train/others_train_aug_074.wav,others
/mnt/c/workspace/journal/codes/Mark4.3/data/train/others_train_aug_075.wav,others
/mnt/c/workspace/journal/codes/Mark4.3/data/train/others_train_aug_076.wav,others
/mnt/c/workspace/journal/codes/Mark4.3/data/train/others_train_aug_077.wav,others
/mnt/c/workspace/journal/codes/Mark4.3/data/train/others_train_aug_078.wav,others
/mnt/c/workspace/journal/codes/Mark4.3/data/train/others_train_aug_079.wav,others
/mnt/c/workspace/journal/codes/Mark4.3/data/train/others_train_aug_080.wav,others
/mnt/c/workspace/journal/codes/Mark4.3/data/train/others_train_aug_081.wav,others
/mnt/c/workspace/journal/codes/Mark4.3/data/train/others_train_aug_082.wav,others
/mnt/c/workspace/journal/codes/Mark4.3/data/train/others_train_aug_083.wav,others
/mnt/c/workspace/journal/codes/Mark4.3/data/train/others_train_aug_084.wav,others
/mnt/c/workspace/journal/codes/Mark4.3/data/train/others_train_aug_085.wav,others
/mnt/c/workspace/journal/codes/Mark4.3/data/train/others_train_aug_086.wav,others
/mnt/c/workspace/journal/codes/Mark4.3/data/train/others_train_aug_087.wav,others
/mnt/c/workspace/journal/codes/Mark4.3/data/train/others_train_aug_088.wav,others
/mnt/c/workspace/journal/codes/Mark4.3/data/train/others_train_aug_089.wav,others
/mnt/c/workspace/journal/codes/Mark4.3/data/train/others_train_aug_090.wav,others
/mnt/c/workspace/journal/codes/Mark4.3/data/train/others_train_aug_091.wav,others
/mnt/c/workspace/journal/codes/Mark4.3/data/train/others_train_aug_092.wav,others
/mnt/c/workspace/journal/codes/Mark4.3/data/train/others_train_aug_093.wav,others
/mnt/c/workspace/journal/codes/Mark4.3/data/train/others_train_aug_094.wav,others
/mnt/c/workspace/journal/codes/Mark4.3/data/train/others_train_aug_095.wav,others
/mnt/c/workspace/journal/codes/Mark4.3/data/train/others_train_aug_096.wav,others
/mnt/c/workspace/journal/codes/Mark4.3/data/train/others_train_aug_097.wav,others
/mnt/c/workspace/journal/codes/Mark4.3/data/train/others_train_aug_098.wav,others
/mnt/c/workspace/journal/codes/Mark4.3/data/train/others_train_aug_099.wav,others
/mnt/c/workspace/journal/codes/Mark4.3/data/train/others_train_aug_100.wav,others
/mnt/c/workspace/journal/codes/Mark4.3/data/train/others_train_aug_101.wav,others
/mnt/c/workspace/journal/codes/Mark4.3/data/train/others_train_aug_102.wav,others
/mnt/c/workspace/journal/codes/Mark4.3/data/train/others_train_aug_103.wav,others
/mnt/c/workspace/journal/codes/Mark4.3/data/train/others_train_aug_104.wav,others
/mnt/c/workspace/journal/codes/Mark4.3/data/train/others_train_aug_105.wav,others
/mnt/c/workspace/journal/codes/Mark4.3/data/train/others_train_aug_106.wav,others
/mnt/c/workspace/journal/codes/Mark4.3/data/train/others_train_aug_107.wav,others
/mnt/c/workspace/journal/codes/Mark4.3/data/train/others_train_aug_108.wav,others
/mnt/c/workspace/journal/codes/Mark4.3/data/train/others_train_aug_109.wav,others
/mnt/c/workspace/journal/codes/Mark4.3/data/train/others_train_aug_110.wav,others
/mnt/c/workspace/journal/codes/Mark4.3/data/train/others_train_aug_111.wav,others
/mnt/c/workspace/journal/codes/Mark4.3/data/train/others_train_aug_112.wav,others
/mnt/c/workspace/journal/codes/Mark4.3/data/train/others_train_aug_113.wav,others
/mnt/c/workspace/journal/codes/Mark4.3/data/train/others_train_aug_114.wav,others
/mnt/c/workspace/journal/codes/Mark4.3/data/train/others_train_aug_115.wav,others
/mnt/c/workspace/journal/codes/Mark4.3/data/train/others_train_aug_116.wav,others
/mnt/c/workspace/journal/codes/Mark4.3/data/train/others_train_aug_117.wav,others
/mnt/c/workspace/journal/codes/Mark4.3/data/train/others_train_aug_118.wav,others
/mnt/c/workspace/journal/codes/Mark4.3/data/train/others_train_aug_119.wav,others
/mnt/c/workspace/journal/codes/Mark4.3/data/train/others_train_aug_120.wav,others
/mnt/c/workspace/journal/codes/Mark4.3/data/train/others_train_aug_121.wav,others
/mnt/c/workspace/journal/codes/Mark4.3/data/train/others_train_aug_122.wav,others
/mnt/c/workspace/journal/codes/Mark4.3/data/train/others_train_aug_123.wav,others
/mnt/c/workspace/journal/codes/Mark4.3/data/train/others_train_aug_124.wav,others
/mnt/c/workspace/journal/codes/Mark4.3/data/train/others_train_aug_125.wav,others
/mnt/c/workspace/journal/codes/Mark4.3/data/train/others_train_aug_126.wav,others
/mnt/c/workspace/journal/codes/Mark4.3/data/train/others_train_aug_127.wav,others
/mnt/c/workspace/journal/codes/Mark4.3/data/train/others_train_aug_128.wav,others
/mnt/c/workspace/journal/codes/Mark4.3/data/train/others_train_aug_129.wav,others
/mnt/c/workspace/journal/codes/Mark4.3/data/train/others_train_aug_130.wav,others
/mnt/c/workspace/journal/codes/Mark4.3/data/train/others_train_aug_131.wav,others
/mnt/c/workspace/journal/codes/Mark4.3/data/train/others_train_aug_132.wav,others
/mnt/c/workspace/journal/codes/Mark4.3/data/train/others_train_aug_133.wav,others
/mnt/c/workspace/journal/codes/Mark4.3/data/train/others_train_aug_134.wav,others
/mnt/c/workspace/journal/codes/Mark4.3/data/train/others_train_aug_135.wav,others
/mnt/c/workspace/journal/codes/Mark4.3/data/train/others_train_aug_136.wav,others
/mnt/c/workspace/journal/codes/Mark4.3/data/train/others_train_aug_137.wav,others
/mnt/c/workspace/journal/codes/Mark4.3/data/train/others_train_aug_138.wav,others
/mnt/c/workspace/journal/codes/Mark4.3/data/train/others_train_aug_139.wav,others
/mnt/c/workspace/journal/codes/Mark4.3/data/train/others_train_aug_140.wav,others
/mnt/c/workspace/journal/codes/Mark4.3/data/train/others_train_aug_141.wav,others
/mnt/c/workspace/journal/codes/Mark4.3/data/train/others_train_aug_142.wav,others
/mnt/c/workspace/journal/codes/Mark4.3/data/train/others_train_aug_143.wav,others
/mnt/c/workspace/journal/codes/Mark4.3/data/train/others_train_aug_144.wav,others
/mnt/c/workspace/journal/codes/Mark4.3/data/train/others_train_aug_145.wav,others
/mnt/c/workspace/journal/codes/Mark4.3/data/train/others_train_aug_146.wav,others
/mnt/c/workspace/journal/codes/Mark4.3/data/train/others_train_aug_147.wav,others
/mnt/c/workspace/journal/codes/Mark4.3/data/train/others_train_aug_148.wav,others
/mnt/c/workspace/journal/codes/Mark4.3/data/train/others_train_aug_149.wav,others
/mnt/c/workspace/journal/codes/Mark4.3/data/train/others_train_aug_150.wav,others
/mnt/c/workspace/journal/codes/Mark4.3/data/train/others_train_aug_151.wav,others
/mnt/c/workspace/journal/codes/Mark4.3/data/train/others_train_aug_152.wav,others
/mnt/c/workspace/journal/codes/Mark4.3/data/train/others_train_aug_153.wav,others
/mnt/c/workspace/journal/codes/Mark4.3/data/train/others_train_aug_154.wav,others
/mnt/c/workspace/journal/codes/Mark4.3/data/train/others_train_aug_155.wav,others
/mnt/c/workspace/journal/codes/Mark4.3/data/train/others_train_aug_156.wav,others
/mnt/c/workspace/journal/codes/Mark4.3/data/train/others_train_aug_157.wav,others
/mnt/c/workspace/journal/codes/Mark4.3/data/train/others_train_aug_158.wav,others
/mnt/c/workspace/journal/codes/Mark4.3/data/train/others_train_aug_159.wav,others
/mnt/c/workspace/journal/codes/Mark4.3/data/train/others_train_aug_160.wav,others
/mnt/c/workspace/journal/codes/Mark4.3/data/train/others_train_aug_161.wav,others
/mnt/c/workspace/journal/codes/Mark4.3/data/train/others_train_aug_162.wav,others
/mnt/c/workspace/journal/codes/Mark4.3/data/train/others_train_aug_163.wav,others
/mnt/c/workspace/journal/codes/Mark4.3/data/train/others_train_aug_164.wav,others
/mnt/c/workspace/journal/codes/Mark4.3/data/train/others_train_aug_165.wav,others
/mnt/c/workspace/journal/codes/Mark4.3/data/train/others_train_aug_166.wav,others
/mnt/c/workspace/journal/codes/Mark4.3/data/train/others_train_aug_167.wav,others
/mnt/c/workspace/journal/codes/Mark4.3/data/train/others_train_aug_168.wav,others
/mnt/c/workspace/journal/codes/Mark4.3/data/train/others_train_aug_169.wav,others
/mnt/c/workspace/journal/codes/Mark4.3/data/train/others_train_aug_170.wav,others
/mnt/c/workspace/journal/codes/Mark4.3/data/train/others_train_aug_171.wav,others
/mnt/c/workspace/journal/codes/Mark4.3/data/train/others_train_aug_172.wav,others
/mnt/c/workspace/journal/codes/Mark4.3/data/train/others_train_aug_173.wav,others
/mnt/c/workspace/journal/codes/Mark4.3/data/train/others_train_aug_174.wav,others
/mnt/c/workspace/journal/codes/Mark4.3/data/train/others_train_aug_175.wav,others
/mnt/c/workspace/journal/codes/Mark4.3/data/train/others_train_aug_176.wav,others
/mnt/c/workspace/journal/codes/Mark4.3/data/train/others_train_aug_177.wav,others
/mnt/c/workspace/journal/codes/Mark4.3/data/train/others_train_aug_178.wav,others
/mnt/c/workspace/journal/codes/Mark4.3/data/train/others_train_aug_179.wav,others
/mnt/c/workspace/journal/codes/Mark4.3/data/train/others_train_aug_180.wav,others
/mnt/c/workspace/journal/codes/Mark4.3/data/train/others_train_aug_181.wav,others
/mnt/c/workspace/journal/codes/Mark4.3/data/train/others_train_aug_182.wav,others
/mnt/c/workspace/journal/codes/Mark4.3/data/train/others_train_aug_183.wav,others
/mnt/c/workspace/journal/codes/Mark4.3/data/train/others_train_aug_184.wav,others
/mnt/c/workspace/journal/codes/Mark4.3/data/train/others_train_aug_185.wav,others
/mnt/c/workspace/journal/codes/Mark4.3/data/train/others_train_aug_186.wav,others
/mnt/c/workspace/journal/codes/Mark4.3/data/train/others_train_aug_187.wav,others
/mnt/c/workspace/journal/codes/Mark4.3/data/train/others_train_aug_188.wav,others
/mnt/c/workspace/journal/codes/Mark4.3/data/train/others_train_aug_189.wav,others
/mnt/c/workspace/journal/codes/Mark4.3/data/train/others_train_aug_190.wav,others
/mnt/c/workspace/journal/codes/Mark4.3/data/train/others_train_aug_191.wav,others
/mnt/c/workspace/journal/codes/Mark4.3/data/train/others_train_aug_192.wav,others
/mnt/c/workspace/journal/codes/Mark4.3/data/train/others_train_aug_193.wav,others
/mnt/c/workspace/journal/codes/Mark4.3/data/train/others_train_aug_194.wav,others
/mnt/c/workspace/journal/codes/Mark4.3/data/train/others_train_aug_195.wav,others
/mnt/c/workspace/journal/codes/Mark4.3/data/train/others_train_aug_196.wav,others
/mnt/c/workspace/journal/codes/Mark4.3/data/train/others_train_aug_197.wav,others
/mnt/c/workspace/journal/codes/Mark4.3/data/train/others_train_aug_198.wav,others
/mnt/c/workspace/journal/codes/Mark4.3/data/train/others_train_aug_199.wav,others
/mnt/c/workspace/journal/codes/Mark4.3/data/train/others_train_aug_200.wav,others
/mnt/c/workspace/journal/codes/Mark4.3/data/train/others_train_aug_201.wav,others
/mnt/c/workspace/journal/codes/Mark4.3/data/train/others_train_aug_202.wav,others
/mnt/c/workspace/journal/codes/Mark4.3/data/train/others_train_aug_203.wav,others
/mnt/c/workspace/journal/codes/Mark4.3/data/train/others_train_aug_204.wav,others
/mnt/c/workspace/journal/codes/Mark4.3/data/train/others_train_aug_205.wav,others
/mnt/c/workspace/journal/codes/Mark4.3/data/train/others_train_aug_206.wav,others
/mnt/c/workspace/journal/codes/Mark4.3/data/train/others_train_aug_207.wav,others
/mnt/c/workspace/journal/codes/Mark4.3/data/train/others_train_aug_208.wav,others
/mnt/c/workspace/journal/codes/Mark4.3/data/train/others_train_aug_209.wav,others
/mnt/c/workspace/journal/codes/Mark4.3/data/train/others_train_aug_210.wav,others
/mnt/c/workspace/journal/codes/Mark4.3/data/train/others_train_aug_211.wav,others
/mnt/c/workspace/journal/codes/Mark4.3/data/train/others_train_aug_212.wav,others
/mnt/c/workspace/journal/codes/Mark4.3/data/train/others_train_aug_213.wav,others
/mnt/c/workspace/journal/codes/Mark4.3/data/train/others_train_aug_214.wav,others
/mnt/c/workspace/journal/codes/Mark4.3/data/train/others_train_aug_215.wav,others
/mnt/c/workspace/journal/codes/Mark4.3/data/train/others_train_aug_216.wav,others
/mnt/c/workspace/journal/codes/Mark4.3/data/train/others_train_aug_217.wav,others
/mnt/c/workspace/journal/codes/Mark4.3/data/train/others_train_aug_218.wav,others
/mnt/c/workspace/journal/codes/Mark4.3/data/train/others_train_aug_219.wav,others
/mnt/c/workspace/journal/codes/Mark4.3/data/train/others_train_aug_220.wav,others
/mnt/c/workspace/journal/codes/Mark4.3/data/train/others_train_aug_221.wav,others
/mnt/c/workspace/journal/codes/Mark4.3/data/train/others_train_aug_222.wav,others
/mnt/c/workspace/journal/codes/Mark4.3/data/train/others_train_aug_223.wav,others
/mnt/c/workspace/journal/codes/Mark4.3/data/train/others_train_aug_224.wav,others
/mnt/c/workspace/journal/codes/Mark4.3/data/train/others_train_aug_225.wav,others
/mnt/c/workspace/journal/codes/Mark4.3/data/train/others_train_aug_226.wav,others
/mnt/c/workspace/journal/codes/Mark4.3/data/train/others_train_aug_227.wav,others
/mnt/c/workspace/journal/codes/Mark4.3/data/train/others_train_aug_228.wav,others
/mnt/c/workspace/journal/codes/Mark4.3/data/train/others_train_aug_229.wav,others
/mnt/c/workspace/journal/codes/Mark4.3/data/train/others_train_aug_230.wav,others
/mnt/c/workspace/journal/codes/Mark4.3/data/train/others_train_aug_231.wav,others
/mnt/c/workspace/journal/codes/Mark4.3/data/train/others_train_aug_232.wav,others
/mnt/c/workspace/journal/codes/Mark4.3/data/train/others_train_aug_233.wav,others
/mnt/c/workspace/journal/codes/Mark4.3/data/train/others_train_aug_234.wav,others
/mnt/c/workspace/journal/codes/Mark4.3/data/train/others_train_aug_235.wav,others
/mnt/c/workspace/journal/codes/Mark4.3/data/train/others_train_aug_236.wav,others
/mnt/c/workspace/journal/codes/Mark4.3/data/train/others_train_aug_237.wav,others
/mnt/c/workspace/journal/codes/Mark4.3/data/train/others_train_aug_238.wav,others
/mnt/c/workspace/journal/codes/Mark4.3/data/train/others_train_aug_239.wav,others
/mnt/c/workspace/journal/codes/Mark4.3/data/train/others_train_aug_240.wav,others
/mnt/c/workspace/journal/codes/Mark4.3/data/train/others_train_aug_241.wav,others
/mnt/c/workspace/journal/codes/Mark4.3/data/train/others_train_aug_242.wav,others
/mnt/c/workspace/journal/codes/Mark4.3/data/train/others_train_aug_243.wav,others
/mnt/c/workspace/journal/codes/Mark4.3/data/train/others_train_aug_244.wav,others
/mnt/c/workspace/journal/codes/Mark4.3/data/train/others_train_aug_245.wav,others
/mnt/c/workspace/journal/codes/Mark4.3/data/train/others_train_aug_246.wav,others
/mnt/c/workspace/journal/codes/Mark4.3/data/train/others_train_aug_247.wav,others
/mnt/c/workspace/journal/codes/Mark4.3/data/train/others_train_aug_248.wav,others
/mnt/c/workspace/journal/codes/Mark4.3/data/train/others_train_aug_249.wav,others
/mnt/c/workspace/journal/codes/Mark4.3/data/train/others_train_aug_250.wav,others
/mnt/c/workspace/journal/codes/Mark4.3/data/train/others_train_aug_251.wav,others
/mnt/c/workspace/journal/codes/Mark4.3/data/train/others_train_aug_252.wav,others
/mnt/c/workspace/journal/codes/Mark4.3/data/train/others_train_aug_253.wav,others
/mnt/c/workspace/journal/codes/Mark4.3/data/train/others_train_aug_254.wav,others
/mnt/c/workspace/journal/codes/Mark4.3/data/train/others_train_aug_255.wav,others
/mnt/c/workspace/journal/codes/Mark4.3/data/train/others_train_aug_256.wav,others
/mnt/c/workspace/journal/codes/Mark4.3/data/train/others_train_aug_257.wav,others
/mnt/c/workspace/journal/codes/Mark4.3/data/train/others_train_aug_258.wav,others
/mnt/c/workspace/journal/codes/Mark4.3/data/train/others_train_aug_259.wav,others
/mnt/c/workspace/journal/codes/Mark4.3/data/train/others_train_aug_260.wav,others
/mnt/c/workspace/journal/codes/Mark4.3/data/train/others_train_aug_261.wav,others
/mnt/c/workspace/journal/codes/Mark4.3/data/train/others_train_aug_262.wav,others
/mnt/c/workspace/journal/codes/Mark4.3/data/train/others_train_aug_263.wav,others
/mnt/c/workspace/journal/codes/Mark4.3/data/train/others_train_aug_264.wav,others
/mnt/c/workspace/journal/codes/Mark4.3/data/train/others_train_aug_265.wav,others
/mnt/c/workspace/journal/codes/Mark4.3/data/train/others_train_aug_266.wav,others
/mnt/c/workspace/journal/codes/Mark4.3/data/train/others_train_aug_267.wav,others
/mnt/c/workspace/journal/codes/Mark4.3/data/train/others_train_aug_268.wav,others
/mnt/c/workspace/journal/codes/Mark4.3/data/train/others_train_aug_269.wav,others
/mnt/c/workspace/journal/codes/Mark4.3/data/train/others_train_aug_270.wav,others
/mnt/c/workspace/journal/codes/Mark4.3/data/train/others_train_aug_271.wav,others
/mnt/c/workspace/journal/codes/Mark4.3/data/train/others_train_aug_272.wav,others
/mnt/c/workspace/journal/codes/Mark4.3/data/train/others_train_aug_273.wav,others
/mnt/c/workspace/journal/codes/Mark4.3/data/train/others_train_aug_274.wav,others
/mnt/c/workspace/journal/codes/Mark4.3/data/train/others_train_aug_275.wav,others
/mnt/c/workspace/journal/codes/Mark4.3/data/train/others_train_aug_276.wav,others
/mnt/c/workspace/journal/codes/Mark4.3/data/train/others_train_aug_277.wav,others
/mnt/c/workspace/journal/codes/Mark4.3/data/train/others_train_aug_278.wav,others
/mnt/c/workspace/journal/codes/Mark4.3/data/train/others_train_aug_279.wav,others
/mnt/c/workspace/journal/codes/Mark4.3/data/train/others_train_aug_280.wav,others
/mnt/c/workspace/journal/codes/Mark4.3/data/train/others_train_aug_281.wav,others
/mnt/c/workspace/journal/codes/Mark4.3/data/train/others_train_aug_282.wav,others
/mnt/c/workspace/journal/codes/Mark4.3/data/train/others_train_aug_283.wav,others
/mnt/c/workspace/journal/codes/Mark4.3/data/train/others_train_aug_284.wav,others
/mnt/c/workspace/journal/codes/Mark4.3/data/train/others_train_aug_285.wav,others
/mnt/c/workspace/journal/codes/Mark4.3/data/train/others_train_aug_286.wav,others
/mnt/c/workspace/journal/codes/Mark4.3/data/train/others_train_aug_287.wav,others
/mnt/c/workspace/journal/codes/Mark4.3/data/train/others_train_aug_288.wav,others
/mnt/c/workspace/journal/codes/Mark4.3/data/train/others_train_aug_289.wav,others
/mnt/c/workspace/journal/codes/Mark4.3/data/train/others_train_aug_290.wav,others
/mnt/c/workspace/journal/codes/Mark4.3/data/train/others_train_aug_291.wav,others
/mnt/c/workspace/journal/codes/Mark4.3/data/train/others_train_aug_292.wav,others
/mnt/c/workspace/journal/codes/Mark4.3/data/train/others_train_aug_293.wav,others
/mnt/c/workspace/journal/codes/Mark4.3/data/train/others_train_aug_294.wav,others
/mnt/c/workspace/journal/codes/Mark4.3/data/train/others_train_aug_295.wav,others
/mnt/c/workspace/journal/codes/Mark4.3/data/train/others_train_aug_296.wav,others
/mnt/c/workspace/journal/codes/Mark4.3/data/train/others_train_aug_297.wav,others
/mnt/c/workspace/journal/codes/Mark4.3/data/train/others_train_aug_298.wav,others
/mnt/c/workspace/journal/codes/Mark4.3/data/train/others_train_aug_299.wav,others
/mnt/c/workspace/journal/codes/Mark4.3/data/train/others_train_aug_300.wav,others
/mnt/c/workspace/journal/codes/Mark4.3/data/train/others_train_aug_301.wav,others
/mnt/c/workspace/journal/codes/Mark4.3/data/train/others_train_aug_302.wav,others
/mnt/c/workspace/journal/codes/Mark4.3/data/train/others_train_aug_303.wav,others
/mnt/c/workspace/journal/codes/Mark4.3/data/train/others_train_aug_304.wav,others
/mnt/c/workspace/journal/codes/Mark4.3/data/train/others_train_aug_305.wav,others
/mnt/c/workspace/journal/codes/Mark4.3/data/train/others_train_aug_306.wav,others
/mnt/c/workspace/journal/codes/Mark4.3/data/train/others_train_aug_307.wav,others
/mnt/c/workspace/journal/codes/Mark4.3/data/train/others_train_aug_308.wav,others
/mnt/c/workspace/journal/codes/Mark4.3/data/train/others_train_aug_309.wav,others
/mnt/c/workspace/journal/codes/Mark4.3/data/train/others_train_aug_310.wav,others
/mnt/c/workspace/journal/codes/Mark4.3/data/train/others_train_aug_311.wav,others
/mnt/c/workspace/journal/codes/Mark4.3/data/train/others_train_aug_312.wav,others
/mnt/c/workspace/journal/codes/Mark4.3/data/train/others_train_aug_313.wav,others
/mnt/c/workspace/journal/codes/Mark4.3/data/train/others_train_aug_314.wav,others
/mnt/c/workspace/journal/codes/Mark4.3/data/train/others_train_aug_315.wav,others
/mnt/c/workspace/journal/codes/Mark4.3/data/train/others_train_aug_316.wav,others
/mnt/c/workspace/journal/codes/Mark4.3/data/train/others_train_aug_317.wav,others
/mnt/c/workspace/journal/codes/Mark4.3/data/train/others_train_aug_318.wav,others
/mnt/c/workspace/journal/codes/Mark4.3/data/train/others_train_aug_319.wav,others
/mnt/c/workspace/journal/codes/Mark4.3/data/train/others_train_aug_320.wav,others
/mnt/c/workspace/journal/codes/Mark4.3/data/train/others_train_aug_321.wav,others
/mnt/c/workspace/journal/codes/Mark4.3/data/train/others_train_aug_322.wav,others
/mnt/c/workspace/journal/codes/Mark4.3/data/train/others_train_aug_323.wav,others
/mnt/c/workspace/journal/codes/Mark4.3/data/train/others_train_aug_324.wav,others
/mnt/c/workspace/journal/codes/Mark4.3/data/train/others_train_aug_325.wav,others
/mnt/c/workspace/journal/codes/Mark4.3/data/train/others_train_aug_326.wav,others
/mnt/c/workspace/journal/codes/Mark4.3/data/train/others_train_aug_327.wav,others
/mnt/c/workspace/journal/codes/Mark4.3/data/train/others_train_aug_328.wav,others
/mnt/c/workspace/journal/codes/Mark4.3/data/train/others_train_aug_329.wav,others
/mnt/c/workspace/journal/codes/Mark4.3/data/train/others_train_aug_330.wav,others
/mnt/c/workspace/journal/codes/Mark4.3/data/train/others_train_aug_331.wav,others
/mnt/c/workspace/journal/codes/Mark4.3/data/train/others_train_aug_332.wav,others
/mnt/c/workspace/journal/codes/Mark4.3/data/train/others_train_aug_333.wav,others
/mnt/c/workspace/journal/codes/Mark4.3/data/train/others_train_aug_334.wav,others
/mnt/c/workspace/journal/codes/Mark4.3/data/train/others_train_aug_335.wav,others
/mnt/c/workspace/journal/codes/Mark4.3/data/train/others_train_aug_336.wav,others
/mnt/c/workspace/journal/codes/Mark4.3/data/train/others_train_aug_337.wav,others
/mnt/c/workspace/journal/codes/Mark4.3/data/train/others_train_aug_338.wav,others
/mnt/c/workspace/journal/codes/Mark4.3/data/train/others_train_aug_339.wav,others
/mnt/c/workspace/journal/codes/Mark4.3/data/train/others_train_aug_340.wav,others
/mnt/c/workspace/journal/codes/Mark4.3/data/train/others_train_aug_341.wav,others
/mnt/c/workspace/journal/codes/Mark4.3/data/train/others_train_aug_342.wav,others
/mnt/c/workspace/journal/codes/Mark4.3/data/train/others_train_aug_343.wav,others
/mnt/c/workspace/journal/codes/Mark4.3/data/train/others_train_aug_344.wav,others
/mnt/c/workspace/journal/codes/Mark4.3/data/train/others_train_aug_345.wav,others
/mnt/c/workspace/journal/codes/Mark4.3/data/train/others_train_aug_346.wav,others
/mnt/c/workspace/journal/codes/Mark4.3/data/train/others_train_aug_347.wav,others
/mnt/c/workspace/journal/codes/Mark4.3/data/train/others_train_aug_348.wav,others
/mnt/c/workspace/journal/codes/Mark4.3/data/train/others_train_aug_349.wav,others
/mnt/c/workspace/journal/codes/Mark4.3/data/train/others_train_aug_350.wav,others
/mnt/c/workspace/journal/codes/Mark4.3/data/train/others_train_aug_351.wav,others
/mnt/c/workspace/journal/codes/Mark4.3/data/train/others_train_aug_352.wav,others
/mnt/c/workspace/journal/codes/Mark4.3/data/train/others_train_aug_353.wav,others
/mnt/c/workspace/journal/codes/Mark4.3/data/train/others_train_aug_354.wav,others
/mnt/c/workspace/journal/codes/Mark4.3/data/train/others_train_aug_355.wav,others
/mnt/c/workspace/journal/codes/Mark4.3/data/train/others_train_aug_356.wav,others
/mnt/c/workspace/journal/codes/Mark4.3/data/train/others_train_aug_357.wav,others
/mnt/c/workspace/journal/codes/Mark4.3/data/train/others_train_aug_358.wav,others
/mnt/c/workspace/journal/codes/Mark4.3/data/train/others_train_aug_359.wav,others
/mnt/c/workspace/journal/codes/Mark4.3/data/train/others_train_aug_360.wav,others
/mnt/c/workspace/journal/codes/Mark4.3/data/train/others_train_aug_361.wav,others
/mnt/c/workspace/journal/codes/Mark4.3/data/train/others_train_aug_362.wav,others
/mnt/c/workspace/journal/codes/Mark4.3/data/train/others_train_aug_363.wav,others
/mnt/c/workspace/journal/codes/Mark4.3/data/train/others_train_aug_364.wav,others
/mnt/c/workspace/journal/codes/Mark4.3/data/train/others_train_aug_365.wav,others
/mnt/c/workspace/journal/codes/Mark4.3/data/train/others_train_aug_366.wav,others
/mnt/c/workspace/journal/codes/Mark4.3/data/train/others_train_aug_367.wav,others
/mnt/c/workspace/journal/codes/Mark4.3/data/train/others_train_aug_368.wav,others
/mnt/c/workspace/journal/codes/Mark4.3/data/train/others_train_aug_369.wav,others
/mnt/c/workspace/journal/codes/Mark4.3/data/train/others_train_aug_370.wav,others
/mnt/c/workspace/journal/codes/Mark4.3/data/train/others_train_aug_371.wav,others
/mnt/c/workspace/journal/codes/Mark4.3/data/train/others_train_aug_372.wav,others
/mnt/c/workspace/journal/codes/Mark4.3/data/train/others_train_aug_373.wav,others
/mnt/c/workspace/journal/codes/Mark4.3/data/train/others_train_aug_374.wav,others
/mnt/c/workspace/journal/codes/Mark4.3/data/train/others_train_aug_375.wav,others
/mnt/c/workspace/journal/codes/Mark4.3/data/train/others_train_aug_376.wav,others
/mnt/c/workspace/journal/codes/Mark4.3/data/train/others_train_aug_377.wav,others
/mnt/c/workspace/journal/codes/Mark4.3/data/train/others_train_aug_378.wav,others
/mnt/c/workspace/journal/codes/Mark4.3/data/train/others_train_aug_379.wav,others
/mnt/c/workspace/journal/codes/Mark4.3/data/train/others_train_aug_380.wav,others
/mnt/c/workspace/journal/codes/Mark4.3/data/train/others_train_aug_381.wav,others
/mnt/c/workspace/journal/codes/Mark4.3/data/train/others_train_aug_382.wav,others
/mnt/c/workspace/journal/codes/Mark4.3/data/train/others_train_aug_383.wav,others
/mnt/c/workspace/journal/codes/Mark4.3/data/train/others_train_aug_384.wav,others
/mnt/c/workspace/journal/codes/Mark4.3/data/train/others_train_aug_385.wav,others
/mnt/c/workspace/journal/codes/Mark4.3/data/train/others_train_aug_386.wav,others
/mnt/c/workspace/journal/codes/Mark4.3/data/train/others_train_aug_387.wav,others
/mnt/c/workspace/journal/codes/Mark4.3/data/train/others_train_aug_388.wav,others
/mnt/c/workspace/journal/codes/Mark4.3/data/train/others_train_aug_389.wav,others
/mnt/c/workspace/journal/codes/Mark4.3/data/train/others_train_aug_390.wav,others
/mnt/c/workspace/journal/codes/Mark4.3/data/train/others_train_aug_391.wav,others
/mnt/c/workspace/journal/codes/Mark4.3/data/train/others_train_aug_392.wav,others
/mnt/c/workspace/journal/codes/Mark4.3/data/train/others_train_aug_393.wav,others
/mnt/c/workspace/journal/codes/Mark4.3/data/train/others_train_aug_394.wav,others
/mnt/c/workspace/journal/codes/Mark4.3/data/train/others_train_aug_395.wav,others
/mnt/c/workspace/journal/codes/Mark4.3/data/train/others_train_aug_396.wav,others
/mnt/c/workspace/journal/codes/Mark4.3/data/train/others_train_aug_397.wav,others
/mnt/c/workspace/journal/codes/Mark4.3/data/train/others_train_aug_398.wav,others
/mnt/c/workspace/journal/codes/Mark4.3/data/train/others_train_aug_399.wav,others
/mnt/c/workspace/journal/codes/Mark4.3/data/train/others_train_aug_400.wav,others
/mnt/c/workspace/journal/codes/Mark4.3/data/train/others_train_aug_401.wav,others
/mnt/c/workspace/journal/codes/Mark4.3/data/train/others_train_aug_402.wav,others
/mnt/c/workspace/journal/codes/Mark4.3/data/train/others_train_aug_403.wav,others
/mnt/c/workspace/journal/codes/Mark4.3/data/train/others_train_aug_404.wav,others
/mnt/c/workspace/journal/codes/Mark4.3/data/train/others_train_aug_405.wav,others
/mnt/c/workspace/journal/codes/Mark4.3/data/train/others_train_aug_406.wav,others
/mnt/c/workspace/journal/codes/Mark4.3/data/train/others_train_aug_407.wav,others
/mnt/c/workspace/journal/codes/Mark4.3/data/train/others_train_aug_408.wav,others
/mnt/c/workspace/journal/codes/Mark4.3/data/train/others_train_aug_409.wav,others
/mnt/c/workspace/journal/codes/Mark4.3/data/train/others_train_aug_410.wav,others
/mnt/c/workspace/journal/codes/Mark4.3/data/train/others_train_aug_411.wav,others
/mnt/c/workspace/journal/codes/Mark4.3/data/train/others_train_aug_412.wav,others
/mnt/c/workspace/journal/codes/Mark4.3/data/train/others_train_aug_413.wav,others
/mnt/c/workspace/journal/codes/Mark4.3/data/train/others_train_aug_414.wav,others
/mnt/c/workspace/journal/codes/Mark4.3/data/train/others_train_aug_415.wav,others
/mnt/c/workspace/journal/codes/Mark4.3/data/train/others_train_aug_416.wav,others
/mnt/c/workspace/journal/codes/Mark4.3/data/train/others_train_aug_417.wav,others
/mnt/c/workspace/journal/codes/Mark4.3/data/train/others_train_aug_418.wav,others
/mnt/c/workspace/journal/codes/Mark4.3/data/train/others_train_aug_419.wav,others
/mnt/c/workspace/journal/codes/Mark4.3/data/train/others_train_aug_420.wav,others
/mnt/c/workspace/journal/codes/Mark4.3/data/train/others_train_aug_421.wav,others
/mnt/c/workspace/journal/codes/Mark4.3/data/train/others_train_aug_422.wav,others
/mnt/c/workspace/journal/codes/Mark4.3/data/train/others_train_aug_423.wav,others
/mnt/c/workspace/journal/codes/Mark4.3/data/train/others_train_aug_424.wav,others
/mnt/c/workspace/journal/codes/Mark4.3/data/train/others_train_aug_425.wav,others
/mnt/c/workspace/journal/codes/Mark4.3/data/train/others_train_aug_426.wav,others
/mnt/c/workspace/journal/codes/Mark4.3/data/train/others_train_aug_427.wav,others
/mnt/c/workspace/journal/codes/Mark4.3/data/train/others_train_aug_428.wav,others
/mnt/c/workspace/journal/codes/Mark4.3/data/train/others_train_aug_429.wav,others
/mnt/c/workspace/journal/codes/Mark4.3/data/train/others_train_aug_430.wav,others
/mnt/c/workspace/journal/codes/Mark4.3/data/train/others_train_aug_431.wav,others
/mnt/c/workspace/journal/codes/Mark4.3/data/train/others_train_aug_432.wav,others
/mnt/c/workspace/journal/codes/Mark4.3/data/train/others_train_aug_433.wav,others
/mnt/c/workspace/journal/codes/Mark4.3/data/train/others_train_aug_434.wav,others
/mnt/c/workspace/journal/codes/Mark4.3/data/train/others_train_aug_435.wav,others
/mnt/c/workspace/journal/codes/Mark4.3/data/train/others_train_aug_436.wav,others
/mnt/c/workspace/journal/codes/Mark4.3/data/train/others_train_aug_437.wav,others
/mnt/c/workspace/journal/codes/Mark4.3/data/train/others_train_aug_438.wav,others
/mnt/c/workspace/journal/codes/Mark4.3/data/train/others_train_aug_439.wav,others
/mnt/c/workspace/journal/codes/Mark4.3/data/train/others_train_aug_440.wav,others
/mnt/c/workspace/journal/codes/Mark4.3/data/train/others_train_aug_441.wav,others
/mnt/c/workspace/journal/codes/Mark4.3/data/train/others_train_aug_442.wav,others
/mnt/c/workspace/journal/codes/Mark4.3/data/train/others_train_aug_443.wav,others
/mnt/c/workspace/journal/codes/Mark4.3/data/train/others_train_aug_444.wav,others
/mnt/c/workspace/journal/codes/Mark4.3/data/train/others_train_aug_445.wav,others
/mnt/c/workspace/journal/codes/Mark4.3/data/train/others_train_aug_446.wav,others
/mnt/c/workspace/journal/codes/Mark4.3/data/train/others_train_aug_447.wav,others
/mnt/c/workspace/journal/codes/Mark4.3/data/train/others_train_aug_448.wav,others
/mnt/c/workspace/journal/codes/Mark4.3/data/train/others_train_aug_449.wav,others
/mnt/c/workspace/journal/codes/Mark4.3/data/train/others_train_aug_450.wav,others
/mnt/c/workspace/journal/codes/Mark4.3/data/train/others_train_aug_451.wav,others
/mnt/c/workspace/journal/codes/Mark4.3/data/train/others_train_aug_452.wav,others
/mnt/c/workspace/journal/codes/Mark4.3/data/train/others_train_aug_453.wav,others
/mnt/c/workspace/journal/codes/Mark4.3/data/train/others_train_aug_454.wav,others
/mnt/c/workspace/journal/codes/Mark4.3/data/train/others_train_aug_455.wav,others
/mnt/c/workspace/journal/codes/Mark4.3/data/train/others_train_aug_456.wav,others
/mnt/c/workspace/journal/codes/Mark4.3/data/train/others_train_aug_457.wav,others
/mnt/c/workspace/journal/codes/Mark4.3/data/train/others_train_aug_458.wav,others
/mnt/c/workspace/journal/codes/Mark4.3/data/train/others_train_aug_459.wav,others
/mnt/c/workspace/journal/codes/Mark4.3/data/train/others_train_aug_460.wav,others
/mnt/c/workspace/journal/codes/Mark4.3/data/train/others_train_aug_461.wav,others
/mnt/c/workspace/journal/codes/Mark4.3/data/train/others_train_aug_462.wav,others
/mnt/c/workspace/journal/codes/Mark4.3/data/train/others_train_aug_463.wav,others
/mnt/c/workspace/journal/codes/Mark4.3/data/train/others_train_aug_464.wav,others
/mnt/c/workspace/journal/codes/Mark4.3/data/train/others_train_aug_465.wav,others
/mnt/c/workspace/journal/codes/Mark4.3/data/train/others_train_aug_466.wav,others
/mnt/c/workspace/journal/codes/Mark4.3/data/train/others_train_aug_467.wav,others
/mnt/c/workspace/journal/codes/Mark4.3/data/train/others_train_aug_468.wav,others
/mnt/c/workspace/journal/codes/Mark4.3/data/train/others_train_aug_469.wav,others
/mnt/c/workspace/journal/codes/Mark4.3/data/train/others_train_aug_470.wav,others
/mnt/c/workspace/journal/codes/Mark4.3/data/train/others_train_aug_471.wav,others
/mnt/c/workspace/journal/codes/Mark4.3/data/train/others_train_aug_472.wav,others
/mnt/c/workspace/journal/codes/Mark4.3/data/train/others_train_aug_473.wav,others
/mnt/c/workspace/journal/codes/Mark4.3/data/train/others_train_aug_474.wav,others
/mnt/c/workspace/journal/codes/Mark4.3/data/train/others_train_aug_475.wav,others
/mnt/c/workspace/journal/codes/Mark4.3/data/train/others_train_aug_476.wav,others
/mnt/c/workspace/journal/codes/Mark4.3/data/train/others_train_aug_477.wav,others
/mnt/c/workspace/journal/codes/Mark4.3/data/train/others_train_aug_478.wav,others
/mnt/c/workspace/journal/codes/Mark4.3/data/train/others_train_aug_479.wav,others
/mnt/c/workspace/journal/codes/Mark4.3/data/train/others_train_aug_480.wav,others
/mnt/c/workspace/journal/codes/Mark4.3/data/train/others_train_aug_481.wav,others
/mnt/c/workspace/journal/codes/Mark4.3/data/train/others_train_aug_482.wav,others
/mnt/c/workspace/journal/codes/Mark4.3/data/train/others_train_aug_483.wav,others
/mnt/c/workspace/journal/codes/Mark4.3/data/train/others_train_aug_484.wav,others
/mnt/c/workspace/journal/codes/Mark4.3/data/train/others_train_aug_485.wav,others
/mnt/c/workspace/journal/codes/Mark4.3/data/train/others_train_aug_486.wav,others
/mnt/c/workspace/journal/codes/Mark4.3/data/train/others_train_aug_487.wav,others
/mnt/c/workspace/journal/codes/Mark4.3/data/train/others_train_aug_488.wav,others
/mnt/c/workspace/journal/codes/Mark4.3/data/train/others_train_aug_489.wav,others
/mnt/c/workspace/journal/codes/Mark4.3/data/train/others_train_aug_490.wav,others
/mnt/c/workspace/journal/codes/Mark4.3/data/train/others_train_aug_491.wav,others
/mnt/c/workspace/journal/codes/Mark4.3/data/train/others_train_aug_492.wav,others
/mnt/c/workspace/journal/codes/Mark4.3/data/train/others_train_aug_493.wav,others
/mnt/c/workspace/journal/codes/Mark4.3/data/train/others_train_aug_494.wav,others
/mnt/c/workspace/journal/codes/Mark4.3/data/train/others_train_aug_495.wav,others
/mnt/c/workspace/journal/codes/Mark4.3/data/train/others_train_aug_496.wav,others
/mnt/c/workspace/journal/codes/Mark4.3/data/train/others_train_aug_497.wav,others
/mnt/c/workspace/journal/codes/Mark4.3/data/train/others_train_aug_498.wav,others
/mnt/c/workspace/journal/codes/Mark4.3/data/train/others_train_aug_499.wav,others
/mnt/c/workspace/journal/codes/Mark4.3/data/train/others_train_aug_500.wav,others
/mnt/c/workspace/journal/codes/Mark4.3/data/val/construction_val_001.wav,construction
/mnt/c/workspace/journal/codes/Mark4.3/data/val/construction_val_002.wav,construction
/mnt/c/workspace/journal/codes/Mark4.3/data/val/construction_val_003.wav,construction
/mnt/c/workspace/journal/codes/Mark4.3/data/val/construction_val_004.wav,construction
/mnt/c/workspace/journal/codes/Mark4.3/data/val/construction_val_005.wav,construction
/mnt/c/workspace/journal/codes/Mark4.3/data/val/construction_val_006.wav,construction
/mnt/c/workspace/journal/codes/Mark4.3/data/val/construction_val_007.wav,construction
/mnt/c/workspace/journal/codes/Mark4.3/data/val/construction_val_008.wav,construction
/mnt/c/workspace/journal/codes/Mark4.3/data/val/construction_val_009.wav,construction
/mnt/c/workspace/journal/codes/Mark4.3/data/val/construction_val_010.wav,construction
/mnt/c/workspace/journal/codes/Mark4.3/data/val/construction_val_011.wav,construction
/mnt/c/workspace/journal/codes/Mark4.3/data/val/construction_val_012.wav,construction
/mnt/c/workspace/journal/codes/Mark4.3/data/val/construction_val_013.wav,construction
/mnt/c/workspace/journal/codes/Mark4.3/data/val/construction_val_014.wav,construction
/mnt/c/workspace/journal/codes/Mark4.3/data/val/construction_val_015.wav,construction
/mnt/c/workspace/journal/codes/Mark4.3/data/val/construction_val_016.wav,construction
/mnt/c/workspace/journal/codes/Mark4.3/data/val/construction_val_017.wav,construction
/mnt/c/workspace/journal/codes/Mark4.3/data/val/construction_val_018.wav,construction
/mnt/c/workspace/journal/codes/Mark4.3/data/val/construction_val_019.wav,construction
/mnt/c/workspace/journal/codes/Mark4.3/data/val/construction_val_020.wav,construction
/mnt/c/workspace/journal/codes/Mark4.3/data/val/construction_val_021.wav,construction
/mnt/c/workspace/journal/codes/Mark4.3/data/val/construction_val_022.wav,construction
/mnt/c/workspace/journal/codes/Mark4.3/data/val/construction_val_023.wav,construction
/mnt/c/workspace/journal/codes/Mark4.3/data/val/construction_val_024.wav,construction
/mnt/c/workspace/journal/codes/Mark4.3/data/val/construction_val_025.wav,construction
/mnt/c/workspace/journal/codes/Mark4.3/data/val/construction_val_026.wav,construction
/mnt/c/workspace/journal/codes/Mark4.3/data/val/construction_val_027.wav,construction
/mnt/c/workspace/journal/codes/Mark4.3/data/val/construction_val_028.wav,construction
/mnt/c/workspace/journal/codes/Mark4.3/data/val/construction_val_029.wav,construction
/mnt/c/workspace/journal/codes/Mark4.3/data/val/construction_val_030.wav,construction
/mnt/c/workspace/journal/codes/Mark4.3/data/val/construction_val_031.wav,construction
/mnt/c/workspace/journal/codes/Mark4.3/data/val/construction_val_032.wav,construction
/mnt/c/workspace/journal/codes/Mark4.3/data/val/construction_val_033.wav,construction
/mnt/c/workspace/journal/codes/Mark4.3/data/val/construction_val_034.wav,construction
/mnt/c/workspace/journal/codes/Mark4.3/data/val/construction_val_035.wav,construction
/mnt/c/workspace/journal/codes/Mark4.3/data/val/construction_val_036.wav,construction
/mnt/c/workspace/journal/codes/Mark4.3/data/val/construction_val_037.wav,construction
/mnt/c/workspace/journal/codes/Mark4.3/data/val/construction_val_038.wav,construction
/mnt/c/workspace/journal/codes/Mark4.3/data/val/construction_val_039.wav,construction
/mnt/c/workspace/journal/codes/Mark4.3/data/val/construction_val_040.wav,construction
/mnt/c/workspace/journal/codes/Mark4.3/data/val/construction_val_041.wav,construction
/mnt/c/workspace/journal/codes/Mark4.3/data/val/construction_val_042.wav,construction
/mnt/c/workspace/journal/codes/Mark4.3/data/val/construction_val_043.wav,construction
/mnt/c/workspace/journal/codes/Mark4.3/data/val/construction_val_044.wav,construction
/mnt/c/workspace/journal/codes/Mark4.3/data/val/construction_val_045.wav,construction
/mnt/c/workspace/journal/codes/Mark4.3/data/val/construction_val_046.wav,construction
/mnt/c/workspace/journal/codes/Mark4.3/data/val/construction_val_047.wav,construction
/mnt/c/workspace/journal/codes/Mark4.3/data/val/construction_val_048.wav,construction
/mnt/c/workspace/journal/codes/Mark4.3/data/val/construction_val_049.wav,construction
/mnt/c/workspace/journal/codes/Mark4.3/data/val/construction_val_050.wav,construction
/mnt/c/workspace/journal/codes/Mark4.3/data/val/construction_val_051.wav,construction
/mnt/c/workspace/journal/codes/Mark4.3/data/val/construction_val_052.wav,construction
/mnt/c/workspace/journal/codes/Mark4.3/data/val/construction_val_053.wav,construction
/mnt/c/workspace/journal/codes/Mark4.3/data/val/construction_val_054.wav,construction
/mnt/c/workspace/journal/codes/Mark4.3/data/val/construction_val_055.wav,construction
/mnt/c/workspace/journal/codes/Mark4.3/data/val/construction_val_056.wav,construction
/mnt/c/workspace/journal/codes/Mark4.3/data/val/construction_val_057.wav,construction
/mnt/c/workspace/journal/codes/Mark4.3/data/val/construction_val_058.wav,construction
/mnt/c/workspace/journal/codes/Mark4.3/data/val/construction_val_059.wav,construction
/mnt/c/workspace/journal/codes/Mark4.3/data/val/construction_val_060.wav,construction
/mnt/c/workspace/journal/codes/Mark4.3/data/val/construction_val_061.wav,construction
/mnt/c/workspace/journal/codes/Mark4.3/data/val/construction_val_062.wav,construction
/mnt/c/workspace/journal/codes/Mark4.3/data/val/construction_val_063.wav,construction
/mnt/c/workspace/journal/codes/Mark4.3/data/val/construction_val_064.wav,construction
/mnt/c/workspace/journal/codes/Mark4.3/data/val/construction_val_065.wav,construction
/mnt/c/workspace/journal/codes/Mark4.3/data/val/construction_val_066.wav,construction
/mnt/c/workspace/journal/codes/Mark4.3/data/val/construction_val_067.wav,construction
/mnt/c/workspace/journal/codes/Mark4.3/data/val/construction_val_068.wav,construction
/mnt/c/workspace/journal/codes/Mark4.3/data/val/construction_val_069.wav,construction
/mnt/c/workspace/journal/codes/Mark4.3/data/val/construction_val_070.wav,construction
/mnt/c/workspace/journal/codes/Mark4.3/data/val/construction_val_071.wav,construction
/mnt/c/workspace/journal/codes/Mark4.3/data/val/construction_val_072.wav,construction
/mnt/c/workspace/journal/codes/Mark4.3/data/val/construction_val_073.wav,construction
/mnt/c/workspace/journal/codes/Mark4.3/data/val/construction_val_074.wav,construction
/mnt/c/workspace/journal/codes/Mark4.3/data/val/construction_val_075.wav,construction
/mnt/c/workspace/journal/codes/Mark4.3/data/val/construction_val_076.wav,construction
/mnt/c/workspace/journal/codes/Mark4.3/data/val/construction_val_077.wav,construction
/mnt/c/workspace/journal/codes/Mark4.3/data/val/construction_val_078.wav,construction
/mnt/c/workspace/journal/codes/Mark4.3/data/val/construction_val_079.wav,construction
/mnt/c/workspace/journal/codes/Mark4.3/data/val/construction_val_080.wav,construction
/mnt/c/workspace/journal/codes/Mark4.3/data/val/construction_val_081.wav,construction
/mnt/c/workspace/journal/codes/Mark4.3/data/val/construction_val_082.wav,construction
/mnt/c/workspace/journal/codes/Mark4.3/data/val/construction_val_083.wav,construction
/mnt/c/workspace/journal/codes/Mark4.3/data/val/construction_val_084.wav,construction
/mnt/c/workspace/journal/codes/Mark4.3/data/val/construction_val_085.wav,construction
/mnt/c/workspace/journal/codes/Mark4.3/data/val/construction_val_086.wav,construction
/mnt/c/workspace/journal/codes/Mark4.3/data/val/construction_val_087.wav,construction
/mnt/c/workspace/journal/codes/Mark4.3/data/val/construction_val_088.wav,construction
/mnt/c/workspace/journal/codes/Mark4.3/data/val/construction_val_089.wav,construction
/mnt/c/workspace/journal/codes/Mark4.3/data/val/construction_val_090.wav,construction
/mnt/c/workspace/journal/codes/Mark4.3/data/val/construction_val_091.wav,construction
/mnt/c/workspace/journal/codes/Mark4.3/data/val/construction_val_092.wav,construction
/mnt/c/workspace/journal/codes/Mark4.3/data/val/construction_val_093.wav,construction
/mnt/c/workspace/journal/codes/Mark4.3/data/val/construction_val_094.wav,construction
/mnt/c/workspace/journal/codes/Mark4.3/data/val/construction_val_095.wav,construction
/mnt/c/workspace/journal/codes/Mark4.3/data/val/construction_val_096.wav,construction
/mnt/c/workspace/journal/codes/Mark4.3/data/val/construction_val_097.wav,construction
/mnt/c/workspace/journal/codes/Mark4.3/data/val/construction_val_098.wav,construction
/mnt/c/workspace/journal/codes/Mark4.3/data/val/construction_val_099.wav,construction
/mnt/c/workspace/journal/codes/Mark4.3/data/val/construction_val_100.wav,construction
/mnt/c/workspace/journal/codes/Mark4.3/data/val/construction_val_101.wav,construction
/mnt/c/workspace/journal/codes/Mark4.3/data/val/construction_val_102.wav,construction
/mnt/c/workspace/journal/codes/Mark4.3/data/val/construction_val_103.wav,construction
/mnt/c/workspace/journal/codes/Mark4.3/data/val/construction_val_104.wav,construction
/mnt/c/workspace/journal/codes/Mark4.3/data/val/construction_val_105.wav,construction
/mnt/c/workspace/journal/codes/Mark4.3/data/val/construction_val_106.wav,construction
/mnt/c/workspace/journal/codes/Mark4.3/data/val/construction_val_107.wav,construction
/mnt/c/workspace/journal/codes/Mark4.3/data/val/construction_val_108.wav,construction
/mnt/c/workspace/journal/codes/Mark4.3/data/val/construction_val_109.wav,construction
/mnt/c/workspace/journal/codes/Mark4.3/data/val/construction_val_110.wav,construction
/mnt/c/workspace/journal/codes/Mark4.3/data/val/construction_val_111.wav,construction
/mnt/c/workspace/journal/codes/Mark4.3/data/val/construction_val_112.wav,construction
/mnt/c/workspace/journal/codes/Mark4.3/data/val/construction_val_113.wav,construction
/mnt/c/workspace/journal/codes/Mark4.3/data/val/construction_val_114.wav,construction
/mnt/c/workspace/journal/codes/Mark4.3/data/val/construction_val_115.wav,construction
/mnt/c/workspace/journal/codes/Mark4.3/data/val/construction_val_116.wav,construction
/mnt/c/workspace/journal/codes/Mark4.3/data/val/construction_val_117.wav,construction
/mnt/c/workspace/journal/codes/Mark4.3/data/val/construction_val_118.wav,construction
/mnt/c/workspace/journal/codes/Mark4.3/data/val/construction_val_119.wav,construction
/mnt/c/workspace/journal/codes/Mark4.3/data/val/construction_val_120.wav,construction
/mnt/c/workspace/journal/codes/Mark4.3/data/val/construction_val_121.wav,construction
/mnt/c/workspace/journal/codes/Mark4.3/data/val/construction_val_122.wav,construction
/mnt/c/workspace/journal/codes/Mark4.3/data/val/construction_val_123.wav,construction
/mnt/c/workspace/journal/codes/Mark4.3/data/val/construction_val_124.wav,construction
/mnt/c/workspace/journal/codes/Mark4.3/data/val/construction_val_125.wav,construction
/mnt/c/workspace/journal/codes/Mark4.3/data/val/construction_val_126.wav,construction
/mnt/c/workspace/journal/codes/Mark4.3/data/val/construction_val_127.wav,construction
/mnt/c/workspace/journal/codes/Mark4.3/data/val/construction_val_128.wav,construction
/mnt/c/workspace/journal/codes/Mark4.3/data/val/construction_val_129.wav,construction
/mnt/c/workspace/journal/codes/Mark4.3/data/val/construction_val_130.wav,construction
/mnt/c/workspace/journal/codes/Mark4.3/data/val/construction_val_131.wav,construction
/mnt/c/workspace/journal/codes/Mark4.3/data/val/construction_val_132.wav,construction
/mnt/c/workspace/journal/codes/Mark4.3/data/val/construction_val_133.wav,construction
/mnt/c/workspace/journal/codes/Mark4.3/data/val/construction_val_134.wav,construction
/mnt/c/workspace/journal/codes/Mark4.3/data/val/construction_val_135.wav,construction
/mnt/c/workspace/journal/codes/Mark4.3/data/val/construction_val_136.wav,construction
/mnt/c/workspace/journal/codes/Mark4.3/data/val/construction_val_137.wav,construction
/mnt/c/workspace/journal/codes/Mark4.3/data/val/construction_val_138.wav,construction
/mnt/c/workspace/journal/codes/Mark4.3/data/val/construction_val_139.wav,construction
/mnt/c/workspace/journal/codes/Mark4.3/data/val/construction_val_140.wav,construction
/mnt/c/workspace/journal/codes/Mark4.3/data/val/construction_val_141.wav,construction
/mnt/c/workspace/journal/codes/Mark4.3/data/val/construction_val_142.wav,construction
/mnt/c/workspace/journal/codes/Mark4.3/data/val/construction_val_143.wav,construction
/mnt/c/workspace/journal/codes/Mark4.3/data/val/construction_val_144.wav,construction
/mnt/c/workspace/journal/codes/Mark4.3/data/val/construction_val_145.wav,construction
/mnt/c/workspace/journal/codes/Mark4.3/data/val/construction_val_146.wav,construction
/mnt/c/workspace/journal/codes/Mark4.3/data/val/construction_val_147.wav,construction
/mnt/c/workspace/journal/codes/Mark4.3/data/val/construction_val_148.wav,construction
/mnt/c/workspace/journal/codes/Mark4.3/data/val/construction_val_149.wav,construction
/mnt/c/workspace/journal/codes/Mark4.3/data/val/construction_val_150.wav,construction
/mnt/c/workspace/journal/codes/Mark4.3/data/val/construction_val_151.wav,construction
/mnt/c/workspace/journal/codes/Mark4.3/data/val/construction_val_152.wav,construction
/mnt/c/workspace/journal/codes/Mark4.3/data/val/construction_val_153.wav,construction
/mnt/c/workspace/journal/codes/Mark4.3/data/val/construction_val_154.wav,construction
/mnt/c/workspace/journal/codes/Mark4.3/data/val/construction_val_155.wav,construction
/mnt/c/workspace/journal/codes/Mark4.3/data/val/construction_val_156.wav,construction
/mnt/c/workspace/journal/codes/Mark4.3/data/val/construction_val_157.wav,construction
/mnt/c/workspace/journal/codes/Mark4.3/data/val/construction_val_158.wav,construction
/mnt/c/workspace/journal/codes/Mark4.3/data/val/construction_val_159.wav,construction
/mnt/c/workspace/journal/codes/Mark4.3/data/val/construction_val_160.wav,construction
/mnt/c/workspace/journal/codes/Mark4.3/data/val/construction_val_161.wav,construction
/mnt/c/workspace/journal/codes/Mark4.3/data/val/construction_val_162.wav,construction
/mnt/c/workspace/journal/codes/Mark4.3/data/val/construction_val_163.wav,construction
/mnt/c/workspace/journal/codes/Mark4.3/data/val/construction_val_164.wav,construction
/mnt/c/workspace/journal/codes/Mark4.3/data/val/construction_val_165.wav,construction
/mnt/c/workspace/journal/codes/Mark4.3/data/val/construction_val_166.wav,construction
/mnt/c/workspace/journal/codes/Mark4.3/data/val/construction_val_167.wav,construction
/mnt/c/workspace/journal/codes/Mark4.3/data/val/construction_val_168.wav,construction
/mnt/c/workspace/journal/codes/Mark4.3/data/val/construction_val_169.wav,construction
/mnt/c/workspace/journal/codes/Mark4.3/data/val/construction_val_170.wav,construction
/mnt/c/workspace/journal/codes/Mark4.3/data/val/construction_val_171.wav,construction
/mnt/c/workspace/journal/codes/Mark4.3/data/val/construction_val_172.wav,construction
/mnt/c/workspace/journal/codes/Mark4.3/data/val/construction_val_173.wav,construction
/mnt/c/workspace/journal/codes/Mark4.3/data/val/construction_val_174.wav,construction
/mnt/c/workspace/journal/codes/Mark4.3/data/val/construction_val_175.wav,construction
/mnt/c/workspace/journal/codes/Mark4.3/data/val/construction_val_176.wav,construction
/mnt/c/workspace/journal/codes/Mark4.3/data/val/construction_val_177.wav,construction
/mnt/c/workspace/journal/codes/Mark4.3/data/val/construction_val_178.wav,construction
/mnt/c/workspace/journal/codes/Mark4.3/data/val/construction_val_179.wav,construction
/mnt/c/workspace/journal/codes/Mark4.3/data/val/construction_val_180.wav,construction
/mnt/c/workspace/journal/codes/Mark4.3/data/val/construction_val_181.wav,construction
/mnt/c/workspace/journal/codes/Mark4.3/data/val/construction_val_182.wav,construction
/mnt/c/workspace/journal/codes/Mark4.3/data/val/construction_val_183.wav,construction
/mnt/c/workspace/journal/codes/Mark4.3/data/val/construction_val_184.wav,construction
/mnt/c/workspace/journal/codes/Mark4.3/data/val/construction_val_185.wav,construction
/mnt/c/workspace/journal/codes/Mark4.3/data/val/construction_val_186.wav,construction
/mnt/c/workspace/journal/codes/Mark4.3/data/val/construction_val_187.wav,construction
/mnt/c/workspace/journal/codes/Mark4.3/data/val/construction_val_188.wav,construction
/mnt/c/workspace/journal/codes/Mark4.3/data/val/construction_val_189.wav,construction
/mnt/c/workspace/journal/codes/Mark4.3/data/val/construction_val_190.wav,construction
/mnt/c/workspace/journal/codes/Mark4.3/data/val/construction_val_191.wav,construction
/mnt/c/workspace/journal/codes/Mark4.3/data/val/construction_val_192.wav,construction
/mnt/c/workspace/journal/codes/Mark4.3/data/val/construction_val_193.wav,construction
/mnt/c/workspace/journal/codes/Mark4.3/data/val/construction_val_194.wav,construction
/mnt/c/workspace/journal/codes/Mark4.3/data/val/construction_val_195.wav,construction
/mnt/c/workspace/journal/codes/Mark4.3/data/val/construction_val_196.wav,construction
/mnt/c/workspace/journal/codes/Mark4.3/data/val/construction_val_197.wav,construction
/mnt/c/workspace/journal/codes/Mark4.3/data/val/construction_val_198.wav,construction
/mnt/c/workspace/journal/codes/Mark4.3/data/val/construction_val_199.wav,construction
/mnt/c/workspace/journal/codes/Mark4.3/data/val/construction_val_200.wav,construction
/mnt/c/workspace/journal/codes/Mark4.3/data/val/construction_val_201.wav,construction
/mnt/c/workspace/journal/codes/Mark4.3/data/val/construction_val_202.wav,construction
/mnt/c/workspace/journal/codes/Mark4.3/data/val/construction_val_203.wav,construction
/mnt/c/workspace/journal/codes/Mark4.3/data/val/construction_val_204.wav,construction
/mnt/c/workspace/journal/codes/Mark4.3/data/val/construction_val_205.wav,construction
/mnt/c/workspace/journal/codes/Mark4.3/data/val/construction_val_206.wav,construction
/mnt/c/workspace/journal/codes/Mark4.3/data/val/construction_val_207.wav,construction
/mnt/c/workspace/journal/codes/Mark4.3/data/val/construction_val_208.wav,construction
/mnt/c/workspace/journal/codes/Mark4.3/data/val/construction_val_209.wav,construction
/mnt/c/workspace/journal/codes/Mark4.3/data/val/construction_val_210.wav,construction
/mnt/c/workspace/journal/codes/Mark4.3/data/val/construction_val_211.wav,construction
/mnt/c/workspace/journal/codes/Mark4.3/data/val/construction_val_212.wav,construction
/mnt/c/workspace/journal/codes/Mark4.3/data/val/construction_val_213.wav,construction
/mnt/c/workspace/journal/codes/Mark4.3/data/val/construction_val_214.wav,construction
/mnt/c/workspace/journal/codes/Mark4.3/data/val/construction_val_215.wav,construction
/mnt/c/workspace/journal/codes/Mark4.3/data/val/others_val_001.wav,others
/mnt/c/workspace/journal/codes/Mark4.3/data/val/others_val_002.wav,others
/mnt/c/workspace/journal/codes/Mark4.3/data/val/others_val_003.wav,others
/mnt/c/workspace/journal/codes/Mark4.3/data/val/others_val_004.wav,others
/mnt/c/workspace/journal/codes/Mark4.3/data/val/others_val_005.wav,others
/mnt/c/workspace/journal/codes/Mark4.3/data/val/others_val_006.wav,others
/mnt/c/workspace/journal/codes/Mark4.3/data/val/others_val_007.wav,others
/mnt/c/workspace/journal/codes/Mark4.3/data/val/others_val_008.wav,others
/mnt/c/workspace/journal/codes/Mark4.3/data/val/others_val_009.wav,others
/mnt/c/workspace/journal/codes/Mark4.3/data/val/others_val_010.wav,others
/mnt/c/workspace/journal/codes/Mark4.3/data/val/others_val_011.wav,others
/mnt/c/workspace/journal/codes/Mark4.3/data/val/others_val_012.wav,others
/mnt/c/workspace/journal/codes/Mark4.3/data/val/others_val_013.wav,others
/mnt/c/workspace/journal/codes/Mark4.3/data/val/others_val_014.wav,others
/mnt/c/workspace/journal/codes/Mark4.3/data/val/others_val_015.wav,others
/mnt/c/workspace/journal/codes/Mark4.3/data/val/others_val_016.wav,others
/mnt/c/workspace/journal/codes/Mark4.3/data/val/others_val_017.wav,others
/mnt/c/workspace/journal/codes/Mark4.3/data/val/others_val_018.wav,others
/mnt/c/workspace/journal/codes/Mark4.3/data/val/others_val_019.wav,others
/mnt/c/workspace/journal/codes/Mark4.3/data/val/others_val_020.wav,others
/mnt/c/workspace/journal/codes/Mark4.3/data/val/others_val_021.wav,others
/mnt/c/workspace/journal/codes/Mark4.3/data/val/others_val_022.wav,others
/mnt/c/workspace/journal/codes/Mark4.3/data/val/others_val_023.wav,others
/mnt/c/workspace/journal/codes/Mark4.3/data/val/others_val_024.wav,others
/mnt/c/workspace/journal/codes/Mark4.3/data/val/others_val_025.wav,others
/mnt/c/workspace/journal/codes/Mark4.3/data/val/others_val_026.wav,others
/mnt/c/workspace/journal/codes/Mark4.3/data/val/others_val_027.wav,others
/mnt/c/workspace/journal/codes/Mark4.3/data/val/others_val_028.wav,others
/mnt/c/workspace/journal/codes/Mark4.3/data/val/others_val_029.wav,others
/mnt/c/workspace/journal/codes/Mark4.3/data/val/others_val_030.wav,others
/mnt/c/workspace/journal/codes/Mark4.3/data/val/others_val_031.wav,others
/mnt/c/workspace/journal/codes/Mark4.3/data/val/others_val_032.wav,others
/mnt/c/workspace/journal/codes/Mark4.3/data/val/others_val_033.wav,others
/mnt/c/workspace/journal/codes/Mark4.3/data/val/others_val_034.wav,others
/mnt/c/workspace/journal/codes/Mark4.3/data/val/others_val_035.wav,others
/mnt/c/workspace/journal/codes/Mark4.3/data/val/others_val_036.wav,others
/mnt/c/workspace/journal/codes/Mark4.3/data/val/others_val_037.wav,others
/mnt/c/workspace/journal/codes/Mark4.3/data/val/others_val_038.wav,others
/mnt/c/workspace/journal/codes/Mark4.3/data/val/others_val_039.wav,others
/mnt/c/workspace/journal/codes/Mark4.3/data/val/others_val_040.wav,others
/mnt/c/workspace/journal/codes/Mark4.3/data/val/others_val_041.wav,others
/mnt/c/workspace/journal/codes/Mark4.3/data/val/others_val_042.wav,others
/mnt/c/workspace/journal/codes/Mark4.3/data/val/others_val_043.wav,others
/mnt/c/workspace/journal/codes/Mark4.3/data/val/others_val_044.wav,others
/mnt/c/workspace/journal/codes/Mark4.3/data/val/others_val_045.wav,others
/mnt/c/workspace/journal/codes/Mark4.3/data/val/others_val_046.wav,others
/mnt/c/workspace/journal/codes/Mark4.3/data/val/others_val_047.wav,others
/mnt/c/workspace/journal/codes/Mark4.3/data/val/others_val_048.wav,others
/mnt/c/workspace/journal/codes/Mark4.3/data/val/others_val_049.wav,others
/mnt/c/workspace/journal/codes/Mark4.3/data/val/others_val_050.wav,others
/mnt/c/workspace/journal/codes/Mark4.3/data/val/others_val_051.wav,others
/mnt/c/workspace/journal/codes/Mark4.3/data/val/others_val_052.wav,others
/mnt/c/workspace/journal/codes/Mark4.3/data/val/others_val_053.wav,others
/mnt/c/workspace/journal/codes/Mark4.3/data/val/others_val_054.wav,others
/mnt/c/workspace/journal/codes/Mark4.3/data/val/others_val_055.wav,others
/mnt/c/workspace/journal/codes/Mark4.3/data/val/others_val_056.wav,others
/mnt/c/workspace/journal/codes/Mark4.3/data/val/others_val_057.wav,others
/mnt/c/workspace/journal/codes/Mark4.3/data/val/others_val_058.wav,others
/mnt/c/workspace/journal/codes/Mark4.3/data/val/others_val_059.wav,others
/mnt/c/workspace/journal/codes/Mark4.3/data/val/others_val_060.wav,others
/mnt/c/workspace/journal/codes/Mark4.3/data/val/others_val_061.wav,others
/mnt/c/workspace/journal/codes/Mark4.3/data/val/others_val_062.wav,others
/mnt/c/workspace/journal/codes/Mark4.3/data/val/others_val_063.wav,others
/mnt/c/workspace/journal/codes/Mark4.3/data/val/others_val_064.wav,others
/mnt/c/workspace/journal/codes/Mark4.3/data/val/others_val_065.wav,others
/mnt/c/workspace/journal/codes/Mark4.3/data/val/others_val_066.wav,others
/mnt/c/workspace/journal/codes/Mark4.3/data/val/others_val_067.wav,others
/mnt/c/workspace/journal/codes/Mark4.3/data/val/others_val_068.wav,others
/mnt/c/workspace/journal/codes/Mark4.3/data/val/others_val_069.wav,others
/mnt/c/workspace/journal/codes/Mark4.3/data/val/others_val_070.wav,others
/mnt/c/workspace/journal/codes/Mark4.3/data/val/others_val_071.wav,others
/mnt/c/workspace/journal/codes/Mark4.3/data/val/others_val_072.wav,others
/mnt/c/workspace/journal/codes/Mark4.3/data/val/others_val_073.wav,others
/mnt/c/workspace/journal/codes/Mark4.3/data/val/others_val_074.wav,others
/mnt/c/workspace/journal/codes/Mark4.3/data/val/others_val_075.wav,others
/mnt/c/workspace/journal/codes/Mark4.3/data/val/others_val_076.wav,others
/mnt/c/workspace/journal/codes/Mark4.3/data/val/others_val_077.wav,others
/mnt/c/workspace/journal/codes/Mark4.3/data/val/others_val_078.wav,others
/mnt/c/workspace/journal/codes/Mark4.3/data/val/others_val_079.wav,others
/mnt/c/workspace/journal/codes/Mark4.3/data/val/others_val_080.wav,others
/mnt/c/workspace/journal/codes/Mark4.3/data/val/others_val_081.wav,others
/mnt/c/workspace/journal/codes/Mark4.3/data/val/others_val_082.wav,others
/mnt/c/workspace/journal/codes/Mark4.3/data/val/others_val_083.wav,others
/mnt/c/workspace/journal/codes/Mark4.3/data/val/others_val_084.wav,others
/mnt/c/workspace/journal/codes/Mark4.3/data/val/others_val_085.wav,others
/mnt/c/workspace/journal/codes/Mark4.3/data/val/others_val_086.wav,others
/mnt/c/workspace/journal/codes/Mark4.3/data/val/others_val_087.wav,others
/mnt/c/workspace/journal/codes/Mark4.3/data/val/others_val_088.wav,others
/mnt/c/workspace/journal/codes/Mark4.3/data/val/others_val_089.wav,others
/mnt/c/workspace/journal/codes/Mark4.3/data/val/others_val_090.wav,others
/mnt/c/workspace/journal/codes/Mark4.3/data/val/others_val_091.wav,others
/mnt/c/workspace/journal/codes/Mark4.3/data/val/others_val_092.wav,others
/mnt/c/workspace/journal/codes/Mark4.3/data/val/others_val_093.wav,others
/mnt/c/workspace/journal/codes/Mark4.3/data/val/others_val_094.wav,others
/mnt/c/workspace/journal/codes/Mark4.3/data/val/others_val_095.wav,others
/mnt/c/workspace/journal/codes/Mark4.3/data/val/others_val_096.wav,others
/mnt/c/workspace/journal/codes/Mark4.3/data/val/others_val_097.wav,others
/mnt/c/workspace/journal/codes/Mark4.3/data/val/others_val_098.wav,others
/mnt/c/workspace/journal/codes/Mark4.3/data/val/others_val_099.wav,others
/mnt/c/workspace/journal/codes/Mark4.3/data/val/others_val_100.wav,others
/mnt/c/workspace/journal/codes/Mark4.3/data/val/others_val_101.wav,others
/mnt/c/workspace/journal/codes/Mark4.3/data/val/others_val_102.wav,others
/mnt/c/workspace/journal/codes/Mark4.3/data/val/others_val_103.wav,others
/mnt/c/workspace/journal/codes/Mark4.3/data/val/others_val_104.wav,others
/mnt/c/workspace/journal/codes/Mark4.3/data/val/others_val_105.wav,others
/mnt/c/workspace/journal/codes/Mark4.3/data/val/others_val_106.wav,others
/mnt/c/workspace/journal/codes/Mark4.3/data/val/others_val_107.wav,others
/mnt/c/workspace/journal/codes/Mark4.3/data/val/others_val_108.wav,others
/mnt/c/workspace/journal/codes/Mark4.3/data/val/others_val_109.wav,others
/mnt/c/workspace/journal/codes/Mark4.3/data/val/others_val_110.wav,others
/mnt/c/workspace/journal/codes/Mark4.3/data/val/others_val_111.wav,others
/mnt/c/workspace/journal/codes/Mark4.3/data/val/others_val_112.wav,others
/mnt/c/workspace/journal/codes/Mark4.3/data/val/others_val_113.wav,others
/mnt/c/workspace/journal/codes/Mark4.3/data/val/others_val_114.wav,others
/mnt/c/workspace/journal/codes/Mark4.3/data/val/others_val_115.wav,others
/mnt/c/workspace/journal/codes/Mark4.3/data/val/others_val_116.wav,others
/mnt/c/workspace/journal/codes/Mark4.3/data/val/others_val_117.wav,others
/mnt/c/workspace/journal/codes/Mark4.3/data/val/others_val_118.wav,others
/mnt/c/workspace/journal/codes/Mark4.3/data/val/others_val_119.wav,others
/mnt/c/workspace/journal/codes/Mark4.3/data/val/others_val_120.wav,others
/mnt/c/workspace/journal/codes/Mark4.3/data/val/others_val_121.wav,others
/mnt/c/workspace/journal/codes/Mark4.3/data/val/others_val_122.wav,others
/mnt/c/workspace/journal/codes/Mark4.3/data/val/others_val_123.wav,others
/mnt/c/workspace/journal/codes/Mark4.3/data/val/others_val_124.wav,others
/mnt/c/workspace/journal/codes/Mark4.3/data/val/others_val_125.wav,others
/mnt/c/workspace/journal/codes/Mark4.3/data/val/others_val_126.wav,others
/mnt/c/workspace/journal/codes/Mark4.3/data/val/others_val_127.wav,others
/mnt/c/workspace/journal/codes/Mark4.3/data/val/others_val_128.wav,others
/mnt/c/workspace/journal/codes/Mark4.3/data/val/others_val_129.wav,others
/mnt/c/workspace/journal/codes/Mark4.3/data/val/others_val_130.wav,others
/mnt/c/workspace/journal/codes/Mark4.3/data/val/others_val_131.wav,others
/mnt/c/workspace/journal/codes/Mark4.3/data/val/others_val_132.wav,others
/mnt/c/workspace/journal/codes/Mark4.3/data/val/others_val_133.wav,others
/mnt/c/workspace/journal/codes/Mark4.3/data/val/others_val_134.wav,others
/mnt/c/workspace/journal/codes/Mark4.3/data/val/others_val_135.wav,others
/mnt/c/workspace/journal/codes/Mark4.3/data/val/others_val_136.wav,others
/mnt/c/workspace/journal/codes/Mark4.3/data/val/others_val_137.wav,others
/mnt/c/workspace/journal/codes/Mark4.3/data/val/others_val_138.wav,others
/mnt/c/workspace/journal/codes/Mark4.3/data/val/others_val_139.wav,others
/mnt/c/workspace/journal/codes/Mark4.3/data/val/others_val_140.wav,others
/mnt/c/workspace/journal/codes/Mark4.3/data/val/others_val_141.wav,others
/mnt/c/workspace/journal/codes/Mark4.3/data/val/others_val_142.wav,others
/mnt/c/workspace/journal/codes/Mark4.3/data/val/others_val_143.wav,others
/mnt/c/workspace/journal/codes/Mark4.3/data/val/others_val_144.wav,others
/mnt/c/workspace/journal/codes/Mark4.3/data/val/others_val_145.wav,others
/mnt/c/workspace/journal/codes/Mark4.3/data/val/others_val_146.wav,others
/mnt/c/workspace/journal/codes/Mark4.3/data/val/others_val_147.wav,others
/mnt/c/workspace/journal/codes/Mark4.3/data/val/others_val_148.wav,others
/mnt/c/workspace/journal/codes/Mark4.3/data/val/others_val_149.wav,others
/mnt/c/workspace/journal/codes/Mark4.3/data/val/others_val_150.wav,others
/mnt/c/workspace/journal/codes/Mark4.3/data/val/others_val_151.wav,others
/mnt/c/workspace/journal/codes/Mark4.3/data/val/others_val_152.wav,others
/mnt/c/workspace/journal/codes/Mark4.3/data/val/others_val_153.wav,others
/mnt/c/workspace/journal/codes/Mark4.3/data/val/others_val_154.wav,others
/mnt/c/workspace/journal/codes/Mark4.3/data/val/others_val_155.wav,others
/mnt/c/workspace/journal/codes/Mark4.3/data/val/others_val_156.wav,others
/mnt/c/workspace/journal/codes/Mark4.3/data/val/others_val_157.wav,others
/mnt/c/workspace/journal/codes/Mark4.3/data/val/others_val_158.wav,others
/mnt/c/workspace/journal/codes/Mark4.3/data/val/others_val_159.wav,others
/mnt/c/workspace/journal/codes/Mark4.3/data/val/others_val_160.wav,others
/mnt/c/workspace/journal/codes/Mark4.3/data/val/others_val_161.wav,others
/mnt/c/workspace/journal/codes/Mark4.3/data/val/others_val_162.wav,others
/mnt/c/workspace/journal/codes/Mark4.3/data/val/others_val_163.wav,others
/mnt/c/workspace/journal/codes/Mark4.3/data/val/others_val_164.wav,others
/mnt/c/workspace/journal/codes/Mark4.3/data/val/others_val_165.wav,others
/mnt/c/workspace/journal/codes/Mark4.3/data/val/others_val_166.wav,others
/mnt/c/workspace/journal/codes/Mark4.3/data/val/others_val_167.wav,others
/mnt/c/workspace/journal/codes/Mark4.3/data/val/others_val_168.wav,others
/mnt/c/workspace/journal/codes/Mark4.3/data/val/others_val_169.wav,others
/mnt/c/workspace/journal/codes/Mark4.3/data/val/others_val_170.wav,others
/mnt/c/workspace/journal/codes/Mark4.3/data/val/others_val_171.wav,others
/mnt/c/workspace/journal/codes/Mark4.3/data/val/others_val_172.wav,others
/mnt/c/workspace/journal/codes/Mark4.3/data/val/others_val_173.wav,others
/mnt/c/workspace/journal/codes/Mark4.3/data/val/others_val_174.wav,others
/mnt/c/workspace/journal/codes/Mark4.3/data/val/others_val_175.wav,others
/mnt/c/workspace/journal/codes/Mark4.3/data/val/others_val_176.wav,others
/mnt/c/workspace/journal/codes/Mark4.3/data/val/others_val_177.wav,others
/mnt/c/workspace/journal/codes/Mark4.3/data/val/others_val_178.wav,others
/mnt/c/workspace/journal/codes/Mark4.3/data/val/others_val_179.wav,others
/mnt/c/workspace/journal/codes/Mark4.3/data/val/others_val_180.wav,others
/mnt/c/workspace/journal/codes/Mark4.3/data/val/others_val_181.wav,others
/mnt/c/workspace/journal/codes/Mark4.3/data/val/others_val_182.wav,others
/mnt/c/workspace/journal/codes/Mark4.3/data/val/others_val_183.wav,others
/mnt/c/workspace/journal/codes/Mark4.3/data/val/others_val_184.wav,others
/mnt/c/workspace/journal/codes/Mark4.3/data/val/others_val_185.wav,others
/mnt/c/workspace/journal/codes/Mark4.3/data/val/others_val_186.wav,others
/mnt/c/workspace/journal/codes/Mark4.3/data/val/others_val_187.wav,others
/mnt/c/workspace/journal/codes/Mark4.3/data/val/others_val_188.wav,others
/mnt/c/workspace/journal/codes/Mark4.3/data/val/others_val_189.wav,others
/mnt/c/workspace/journal/codes/Mark4.3/data/val/others_val_190.wav,others
/mnt/c/workspace/journal/codes/Mark4.3/data/val/others_val_191.wav,others
/mnt/c/workspace/journal/codes/Mark4.3/data/val/others_val_192.wav,others
/mnt/c/workspace/journal/codes/Mark4.3/data/val/others_val_193.wav,others
/mnt/c/workspace/journal/codes/Mark4.3/data/val/others_val_194.wav,others
/mnt/c/workspace/journal/codes/Mark4.3/data/val/others_val_195.wav,others
/mnt/c/workspace/journal/codes/Mark4.3/data/val/others_val_196.wav,others
/mnt/c/workspace/journal/codes/Mark4.3/data/val/others_val_197.wav,others
/mnt/c/workspace/journal/codes/Mark4.3/data/val/others_val_198.wav,others
/mnt/c/workspace/journal/codes/Mark4.3/data/val/others_val_199.wav,others
/mnt/c/workspace/journal/codes/Mark4.3/data/val/others_val_200.wav,others
/mnt/c/workspace/journal/codes/Mark4.3/data/val/others_val_201.wav,others
/mnt/c/workspace/journal/codes/Mark4.3/data/val/others_val_202.wav,others
/mnt/c/workspace/journal/codes/Mark4.3/data/val/others_val_203.wav,others
/mnt/c/workspace/journal/codes/Mark4.3/data/val/others_val_204.wav,others
/mnt/c/workspace/journal/codes/Mark4.3/data/val/others_val_205.wav,others
/mnt/c/workspace/journal/codes/Mark4.3/data/val/others_val_206.wav,others
/mnt/c/workspace/journal/codes/Mark4.3/data/val/others_val_207.wav,others
/mnt/c/workspace/journal/codes/Mark4.3/data/val/others_val_208.wav,others
/mnt/c/workspace/journal/codes/Mark4.3/data/val/others_val_209.wav,others
/mnt/c/workspace/journal/codes/Mark4.3/data/val/others_val_210.wav,others
/mnt/c/workspace/journal/codes/Mark4.3/data/val/others_val_211.wav,others
/mnt/c/workspace/journal/codes/Mark4.3/data/val/others_val_212.wav,others
/mnt/c/workspace/journal/codes/Mark4.3/data/val/others_val_213.wav,others
/mnt/c/workspace/journal/codes/Mark4.3/data/val/others_val_214.wav,others
/mnt/c/workspace/journal/codes/Mark4.3/data/val/others_val_215.wav,others
